timestamp,instance_name,n_jobs,n_machines,n_operations,avg_ops_per_job,beta,dv,eligibility_entropy,processing_gap_ratio,time_skew,bottleneck_metric,bottleneck_coverage,bottleneck_intensity,optimal_algorithm,selection_reason,status,makespan,runtime_seconds,bks_lower_bound,bks_upper_bound,bks_gap_pct,instance_path
2026-10-01 12:08:25,behnke1,10,20,50,5.0,0.304,0.069,0.986,0.453,0.281,0.819,0.54,1.097,CP-SAT (OPTIMAL),CP-SAT OPTIMAL and VALID,VALID,90,1.44,90,90,0.0,benchmarks/flexible-jobshop/instances/fjsp/BehnkeGeiger2012/behnke1.txt
2026-10-01 12:08:27,behnke2,10,20,50,5.0,0.336,0.062,0.98,0.479,0.269,0.894,0.7,1.088,CP-SAT (OPTIMAL),CP-SAT OPTIMAL and VALID,VALID,91,1.03,91,91,0.0,benchmarks/flexible-jobshop/instances/fjsp/BehnkeGeiger2012/behnke2.txt
2026-10-01 12:08:28,behnke3,10,20,50,5.0,0.312,0.067,0.983,0.466,0.271,0.907,0.78,1.035,CP-SAT (OPTIMAL),CP-SAT OPTIMAL and VALID,VALID,91,0.99,91,91,0.0,benchmarks/flexible-jobshop/instances/fjsp/BehnkeGeiger2012/behnke3.txt
2026-10-01 12:08:30,behnke4,10,20,50,5.0,0.332,0.063,0.98,0.485,0.256,0.918,0.78,1.055,CP-SAT (OPTIMAL),CP-SAT OPTIMAL and VALID,VALID,97,1.39,97,97,0.0,benchmarks/flexible-jobshop/instances/fjsp/BehnkeGeiger2012/behnke4.txt
2026-10-01 12:08:32,behnke5,10,20,50,5.0,0.308,0.068,0.985,0.501,0.255,0.929,0.8,1.059,CP-SAT (OPTIMAL),CP-SAT OPTIMAL and VALID,VALID,91,2.03,91,91,0.0,benchmarks/flexible-jobshop/instances/fjsp/BehnkeGeiger2012/behnke5.txt
2026-10-01 12:08:49,behnke6,20,20,100,5.0,0.334,0.031,0.978,0.483,0.263,0.893,0.67,1.115,CP-SAT (FEASIBLE),CP-SAT FEASIBLE no worse than best hybrid seed 0,VALID,132,16.99,125,125,5.6,benchmarks/flexible-jobshop/instances/fjsp/BehnkeGeiger2012/behnke6.txt
2026-10-01 12:09:07,behnke7,20,20,100,5.0,0.326,0.032,0.981,0.484,0.262,1.026,0.97,1.082,CP-SAT (FEASIBLE),CP-SAT FEASIBLE no worse than best hybrid seed 0,VALID,134,16.71,117,124,8.06,benchmarks/flexible-jobshop/instances/fjsp/BehnkeGeiger2012/behnke7.txt
2026-10-01 12:09:24,behnke8,20,20,100,5.0,0.322,0.033,0.983,0.479,0.261,0.878,0.73,1.027,CP-SAT (FEASIBLE),CP-SAT FEASIBLE no worse than best hybrid seed 0,VALID,136,16.86,123,123,10.57,benchmarks/flexible-jobshop/instances/fjsp/BehnkeGeiger2012/behnke8.txt
2026-10-01 12:09:41,behnke9,20,20,100,5.0,0.322,0.033,0.982,0.47,0.274,0.83,0.59,1.07,CP-SAT (FEASIBLE),CP-SAT FEASIBLE no worse than best hybrid seed 0,VALID,130,16.72,125,125,4.0,benchmarks/flexible-jobshop/instances/fjsp/BehnkeGeiger2012/behnke9.txt
2026-10-01 12:09:59,behnke10,20,20,100,5.0,0.306,0.034,0.985,0.507,0.244,1.001,0.94,1.063,CP-SAT (FEASIBLE),CP-SAT FEASIBLE no worse than best hybrid seed 0,VALID,140,16.88,127,127,10.24,benchmarks/flexible-jobshop/instances/fjsp/BehnkeGeiger2012/behnke10.txt
2026-10-01 12:10:40,behnke11,50,20,250,5.0,0.321,0.013,0.983,0.483,0.265,0.888,0.744,1.032,Hybrid (best of 4 seeds),Best hybrid seed 0 beat CP-SAT FEASIBLE,VALID,277,41.02,223,228,21.49,benchmarks/flexible-jobshop/instances/fjsp/BehnkeGeiger2012/behnke11.txt
2026-10-01 12:11:22,behnke12,50,20,250,5.0,0.327,0.013,0.982,0.47,0.273,0.906,0.748,1.065,CP-SAT (FEASIBLE),CP-SAT FEASIBLE no worse than best hybrid seed 0,VALID,270,41.63,213,219,23.29,benchmarks/flexible-jobshop/instances/fjsp/BehnkeGeiger2012/behnke12.txt
2026-10-01 12:12:04,behnke13,50,20,250,5.0,0.322,0.013,0.983,0.473,0.268,0.776,0.52,1.032,CP-SAT (FEASIBLE),CP-SAT FEASIBLE no worse than best hybrid seed 0,VALID,275,41.29,223,229,20.09,benchmarks/flexible-jobshop/instances/fjsp/BehnkeGeiger2012/behnke13.txt
2026-10-01 12:12:44,behnke14,50,20,250,5.0,0.305,0.014,0.986,0.491,0.265,0.992,0.908,1.075,CP-SAT (FEASIBLE),CP-SAT FEASIBLE no worse than best hybrid seed 0,VALID,265,39.77,221,230,15.22,benchmarks/flexible-jobshop/instances/fjsp/BehnkeGeiger2012/behnke14.txt
2026-10-01 12:13:25,behnke15,50,20,250,5.0,0.314,0.013,0.984,0.475,0.272,1.012,0.928,1.096,CP-SAT (FEASIBLE),CP-SAT FEASIBLE no worse than best hybrid seed 0,VALID,261,40.05,219,228,14.47,benchmarks/flexible-jobshop/instances/fjsp/BehnkeGeiger2012/behnke15.txt
2026-10-01 12:17:12,behnke16,100,20,500,5.0,0.324,0.006,0.983,0.482,0.26,0.925,0.8,1.05,Hybrid (best of 4 seeds),Best hybrid seed 0 beat CP-SAT FEASIBLE,VALID,519,70.12,391,412,25.97,benchmarks/flexible-jobshop/instances/fjsp/BehnkeGeiger2012/behnke16.txt
2026-10-01 12:18:23,behnke17,100,20,500,5.0,0.32,0.007,0.983,0.477,0.266,0.928,0.8,1.056,Hybrid (best of 4 seeds),Best hybrid seed 0 beat CP-SAT FEASIBLE,VALID,536,70.16,392,401,33.67,benchmarks/flexible-jobshop/instances/fjsp/BehnkeGeiger2012/behnke17.txt
2026-10-01 12:46:05,behnke18,100,20,500,5.0,0.316,0.007,0.984,0.482,0.264,0.888,0.724,1.051,Hybrid (best of 4 seeds),Best hybrid seed 0 beat CP-SAT FEASIBLE,VALID,475,70.4,390,396,19.95,benchmarks/flexible-jobshop/instances/fjsp/BehnkeGeiger2012/behnke18.txt
2026-10-01 12:48:24,behnke19,100,20,500,5.0,0.322,0.007,0.983,0.48,0.266,0.9,0.742,1.058,Hybrid (best of 4 seeds),Best hybrid seed 0 beat CP-SAT FEASIBLE,VALID,489,70.15,395,400,22.25,benchmarks/flexible-jobshop/instances/fjsp/BehnkeGeiger2012/behnke19.txt
2026-10-01 12:49:35,behnke20,100,20,500,5.0,0.316,0.007,0.984,0.479,0.267,0.923,0.8,1.045,Hybrid (best of 4 seeds),Best hybrid seed 0 beat CP-SAT FEASIBLE,VALID,497,70.12,391,398,24.87,benchmarks/flexible-jobshop/instances/fjsp/BehnkeGeiger2012/behnke20.txt
2026-10-01 12:49:37,behnke21,10,40,50,5.0,0.374,0.028,0.991,0.445,0.276,0.893,0.78,1.006,CP-SAT (OPTIMAL),CP-SAT OPTIMAL and VALID,VALID,85,1.36,85,85,0.0,benchmarks/flexible-jobshop/instances/fjsp/BehnkeGeiger2012/behnke21.txt
2026-10-01 12:49:39,behnke22,10,40,50,5.0,0.328,0.032,0.993,0.446,0.266,0.966,0.9,1.033,CP-SAT (OPTIMAL),CP-SAT OPTIMAL and VALID,VALID,87,1.37,87,87,0.0,benchmarks/flexible-jobshop/instances/fjsp/BehnkeGeiger2012/behnke22.txt
2026-10-01 12:49:41,behnke23,10,40,50,5.0,0.348,0.03,0.992,0.44,0.272,0.799,0.56,1.039,CP-SAT (OPTIMAL),CP-SAT OPTIMAL and VALID,VALID,85,1.16,85,85,0.0,benchmarks/flexible-jobshop/instances/fjsp/BehnkeGeiger2012/behnke23.txt
2026-10-01 12:49:43,behnke24,10,40,50,5.0,0.282,0.037,0.994,0.441,0.266,0.796,0.58,1.011,CP-SAT (OPTIMAL),CP-SAT OPTIMAL and VALID,VALID,87,1.48,87,87,0.0,benchmarks/flexible-jobshop/instances/fjsp/BehnkeGeiger2012/behnke24.txt
2026-10-01 12:49:47,behnke25,10,40,50,5.0,0.284,0.037,0.994,0.444,0.27,0.902,0.76,1.045,CP-SAT (OPTIMAL),CP-SAT OPTIMAL and VALID,VALID,87,3.57,87,87,0.0,benchmarks/flexible-jobshop/instances/fjsp/BehnkeGeiger2012/behnke25.txt
2026-10-01 12:50:04,behnke26,20,40,100,5.0,0.319,0.016,0.994,0.438,0.278,1.001,0.96,1.043,CP-SAT (FEASIBLE),CP-SAT FEASIBLE no worse than best hybrid seed 0,VALID,117,16.63,113,113,3.54,benchmarks/flexible-jobshop/instances/fjsp/BehnkeGeiger2012/behnke26.txt
2026-10-01 12:50:21,behnke27,20,40,100,5.0,0.298,0.018,0.995,0.466,0.265,0.897,0.76,1.035,CP-SAT (FEASIBLE),CP-SAT FEASIBLE no worse than best hybrid seed 0,VALID,127,16.57,122,122,4.1,benchmarks/flexible-jobshop/instances/fjsp/BehnkeGeiger2012/behnke27.txt
2026-10-01 12:50:38,behnke28,20,40,100,5.0,0.346,0.015,0.992,0.429,0.285,0.901,0.75,1.052,CP-SAT (FEASIBLE),CP-SAT FEASIBLE no worse than best hybrid seed 0,VALID,118,17.1,114,114,3.51,benchmarks/flexible-jobshop/instances/fjsp/BehnkeGeiger2012/behnke28.txt
2026-10-01 12:50:55,behnke29,20,40,100,5.0,0.349,0.015,0.992,0.442,0.276,1.024,0.96,1.088,CP-SAT (FEASIBLE),CP-SAT FEASIBLE no worse than best hybrid seed 0,VALID,124,16.54,116,117,5.98,benchmarks/flexible-jobshop/instances/fjsp/BehnkeGeiger2012/behnke29.txt
2026-10-01 12:51:13,behnke30,20,40,100,5.0,0.324,0.016,0.994,0.447,0.275,1.003,0.97,1.036,CP-SAT (FEASIBLE),CP-SAT FEASIBLE no worse than best hybrid seed 0,VALID,125,17.45,120,120,4.17,benchmarks/flexible-jobshop/instances/fjsp/BehnkeGeiger2012/behnke30.txt
2026-10-01 12:51:54,behnke31,50,40,250,5.0,0.323,0.006,0.994,0.45,0.273,0.888,0.76,1.016,CP-SAT (FEASIBLE),CP-SAT FEASIBLE no worse than best hybrid seed 0,VALID,275,40.26,226,226,21.68,benchmarks/flexible-jobshop/instances/fjsp/BehnkeGeiger2012/behnke31.txt
2026-10-01 12:52:33,behnke32,50,40,250,5.0,0.305,0.007,0.995,0.447,0.276,0.991,0.96,1.022,CP-SAT (FEASIBLE),CP-SAT FEASIBLE no worse than best hybrid seed 0,VALID,258,38.48,220,224,15.18,benchmarks/flexible-jobshop/instances/fjsp/BehnkeGeiger2012/behnke32.txt
2026-10-01 12:53:14,behnke33,50,40,250,5.0,0.308,0.007,0.995,0.452,0.273,0.987,0.956,1.019,CP-SAT (FEASIBLE),CP-SAT FEASIBLE no worse than best hybrid seed 0,VALID,264,40.49,223,224,17.86,benchmarks/flexible-jobshop/instances/fjsp/BehnkeGeiger2012/behnke33.txt
2026-10-01 12:53:55,behnke34,50,40,250,5.0,0.308,0.007,0.995,0.435,0.279,0.786,0.568,1.004,CP-SAT (FEASIBLE),CP-SAT FEASIBLE no worse than best hybrid seed 0,VALID,250,39.63,219,223,12.11,benchmarks/flexible-jobshop/instances/fjsp/BehnkeGeiger2012/behnke34.txt
2026-10-01 12:54:34,behnke35,50,40,250,5.0,0.312,0.007,0.994,0.43,0.288,0.887,0.768,1.006,Hybrid (best of 4 seeds),Best hybrid seed 0 beat CP-SAT FEASIBLE,VALID,248,38.5,211,214,15.89,benchmarks/flexible-jobshop/instances/fjsp/BehnkeGeiger2012/behnke35.txt
2026-10-01 12:55:44,behnke36,100,40,500,5.0,0.311,0.003,0.995,0.443,0.276,1.001,0.954,1.048,Hybrid (best of 4 seeds),Best hybrid seed 2 beat CP-SAT FEASIBLE,VALID,534,70.14,381,388,37.63,benchmarks/flexible-jobshop/instances/fjsp/BehnkeGeiger2012/behnke36.txt
2026-10-01 12:56:56,behnke37,100,40,500,5.0,0.305,0.003,0.995,0.442,0.276,1.001,0.954,1.049,Hybrid (best of 4 seeds),Best hybrid seed 3 beat CP-SAT FEASIBLE,VALID,536,70.14,387,391,37.08,benchmarks/flexible-jobshop/instances/fjsp/BehnkeGeiger2012/behnke37.txt
2026-10-01 12:58:07,behnke38,100,40,500,5.0,0.318,0.003,0.995,0.44,0.275,0.996,0.96,1.032,Hybrid (best of 4 seeds),Best hybrid seed 0 beat CP-SAT FEASIBLE,VALID,516,70.16,386,389,32.65,benchmarks/flexible-jobshop/instances/fjsp/BehnkeGeiger2012/behnke38.txt
2026-10-01 12:59:18,behnke39,100,40,500,5.0,0.313,0.003,0.995,0.446,0.274,0.989,0.968,1.011,Hybrid (best of 4 seeds),Best hybrid seed 2 beat CP-SAT FEASIBLE,VALID,519,70.15,384,389,33.42,benchmarks/flexible-jobshop/instances/fjsp/BehnkeGeiger2012/behnke39.txt
2026-10-01 13:00:29,behnke40,100,40,500,5.0,0.301,0.003,0.995,0.454,0.272,1.009,0.98,1.038,Hybrid (best of 4 seeds),Best hybrid seed 2 beat CP-SAT FEASIBLE,VALID,574,70.14,415,419,36.99,benchmarks/flexible-jobshop/instances/fjsp/BehnkeGeiger2012/behnke40.txt
2026-10-01 13:00:33,behnke41,10,60,50,5.0,0.371,0.019,0.994,0.424,0.27,0.925,0.8,1.051,CP-SAT (OPTIMAL),CP-SAT OPTIMAL and VALID,VALID,87,2.74,87,87,0.0,benchmarks/flexible-jobshop/instances/fjsp/BehnkeGeiger2012/behnke41.txt
2026-10-01 13:00:36,behnke42,10,60,50,5.0,0.261,0.027,0.995,0.44,0.271,1.045,0.98,1.111,CP-SAT (OPTIMAL),CP-SAT OPTIMAL and VALID,VALID,87,2.61,87,87,0.0,benchmarks/flexible-jobshop/instances/fjsp/BehnkeGeiger2012/behnke42.txt
2026-10-01 13:00:39,behnke43,10,60,50,5.0,0.321,0.022,0.996,0.432,0.273,0.808,0.58,1.036,CP-SAT (OPTIMAL),CP-SAT OPTIMAL and VALID,VALID,86,2.41,86,86,0.0,benchmarks/flexible-jobshop/instances/fjsp/BehnkeGeiger2012/behnke43.txt
2026-10-01 13:00:41,behnke44,10,60,50,5.0,0.327,0.021,0.995,0.431,0.277,0.818,0.6,1.037,CP-SAT (OPTIMAL),CP-SAT OPTIMAL and VALID,VALID,84,1.57,84,84,0.0,benchmarks/flexible-jobshop/instances/fjsp/BehnkeGeiger2012/behnke44.txt
2026-10-01 13:00:42,behnke45,10,60,50,5.0,0.34,0.021,0.994,0.457,0.262,0.87,0.72,1.021,CP-SAT (OPTIMAL),CP-SAT OPTIMAL and VALID,VALID,87,1.42,87,87,0.0,benchmarks/flexible-jobshop/instances/fjsp/BehnkeGeiger2012/behnke45.txt
2026-10-01 13:01:00,behnke46,20,60,100,5.0,0.261,0.013,0.998,0.434,0.284,0.971,0.94,1.003,CP-SAT (FEASIBLE),CP-SAT FEASIBLE no worse than best hybrid seed 0,VALID,118,16.97,114,114,3.51,benchmarks/flexible-jobshop/instances/fjsp/BehnkeGeiger2012/behnke46.txt
2026-10-01 13:01:17,behnke47,20,60,100,5.0,0.313,0.011,0.996,0.431,0.279,1.021,1.0,1.042,CP-SAT (FEASIBLE),CP-SAT FEASIBLE no worse than best hybrid seed 0,VALID,124,16.5,117,117,5.98,benchmarks/flexible-jobshop/instances/fjsp/BehnkeGeiger2012/behnke47.txt
2026-10-01 13:01:35,behnke48,20,60,100,5.0,0.295,0.012,0.997,0.449,0.263,0.99,0.98,1.0,CP-SAT (FEASIBLE),CP-SAT FEASIBLE no worse than best hybrid seed 0,VALID,128,18.04,124,125,2.4,benchmarks/flexible-jobshop/instances/fjsp/BehnkeGeiger2012/behnke48.txt
2026-10-01 13:01:54,behnke49,20,60,100,5.0,0.303,0.012,0.997,0.418,0.288,0.894,0.79,0.998,CP-SAT (FEASIBLE),CP-SAT FEASIBLE no worse than best hybrid seed 0,VALID,116,18.06,113,113,2.65,benchmarks/flexible-jobshop/instances/fjsp/BehnkeGeiger2012/behnke49.txt
2026-10-01 13:02:14,behnke50,20,60,100,5.0,0.345,0.01,0.995,0.439,0.273,0.893,0.79,0.997,CP-SAT (FEASIBLE),CP-SAT FEASIBLE no worse than best hybrid seed 0,VALID,129,19.71,123,123,4.88,benchmarks/flexible-jobshop/instances/fjsp/BehnkeGeiger2012/behnke50.txt
2026-10-01 13:02:53,behnke51,50,60,250,5.0,0.311,0.004,0.997,0.44,0.272,0.895,0.772,1.017,Hybrid (best of 4 seeds),Best hybrid seed 0 beat CP-SAT FEASIBLE,VALID,302,38.02,215,218,38.53,benchmarks/flexible-jobshop/instances/fjsp/BehnkeGeiger2012/behnke51.txt
2026-10-01 13:03:33,behnke52,50,60,250,5.0,0.302,0.005,0.997,0.424,0.284,0.995,0.968,1.022,Hybrid (best of 4 seeds),Best hybrid seed 0 beat CP-SAT FEASIBLE,VALID,252,39.6,210,212,18.87,benchmarks/flexible-jobshop/instances/fjsp/BehnkeGeiger2012/behnke52.txt
2026-10-01 13:04:12,behnke53,50,60,250,5.0,0.311,0.004,0.997,0.423,0.284,1.02,0.992,1.047,CP-SAT (FEASIBLE),CP-SAT FEASIBLE no worse than best hybrid seed 0,VALID,263,38.11,211,215,22.33,benchmarks/flexible-jobshop/instances/fjsp/BehnkeGeiger2012/behnke53.txt
2026-10-01 13:04:51,behnke54,50,60,250,5.0,0.293,0.005,0.997,0.441,0.271,0.999,0.956,1.042,CP-SAT (FEASIBLE),CP-SAT FEASIBLE no worse than best hybrid seed 0,VALID,251,37.79,221,223,12.56,benchmarks/flexible-jobshop/instances/fjsp/BehnkeGeiger2012/behnke54.txt
2026-10-01 13:05:31,behnke55,50,60,250,5.0,0.292,0.005,0.997,0.437,0.278,0.997,0.968,1.027,CP-SAT (FEASIBLE),CP-SAT FEASIBLE no worse than best hybrid seed 0,VALID,280,40.08,221,223,25.56,benchmarks/flexible-jobshop/instances/fjsp/BehnkeGeiger2012/behnke55.txt
2026-10-01 13:06:41,behnke56,100,60,500,5.0,0.309,0.002,0.997,0.431,0.276,0.898,0.77,1.027,Hybrid (best of 4 seeds),Hybrid fallback after CP-SAT found no feasible schedule; best hybrid seed 2,VALID,521,68.62,384,390,33.59,benchmarks/flexible-jobshop/instances/fjsp/BehnkeGeiger2012/behnke56.txt
2026-10-01 13:07:51,behnke57,100,60,500,5.0,0.312,0.002,0.997,0.433,0.278,1.001,0.978,1.024,Hybrid (best of 4 seeds),Hybrid fallback after CP-SAT found no feasible schedule; best hybrid seed 0,VALID,503,68.6,385,390,28.97,benchmarks/flexible-jobshop/instances/fjsp/BehnkeGeiger2012/behnke57.txt
2026-10-01 13:09:01,behnke58,100,60,500,5.0,0.325,0.002,0.997,0.428,0.28,0.891,0.77,1.011,Hybrid (best of 4 seeds),Hybrid fallback after CP-SAT found no feasible schedule; best hybrid seed 0,VALID,509,69.16,392,397,28.21,benchmarks/flexible-jobshop/instances/fjsp/BehnkeGeiger2012/behnke58.txt
2026-10-01 13:10:09,behnke59,100,60,500,5.0,0.304,0.002,0.997,0.433,0.278,0.89,0.766,1.015,Hybrid (best of 4 seeds),Hybrid fallback after CP-SAT found no feasible schedule; best hybrid seed 1,VALID,482,67.76,392,398,21.11,benchmarks/flexible-jobshop/instances/fjsp/BehnkeGeiger2012/behnke59.txt
2026-10-01 13:11:17,behnke60,100,60,500,5.0,0.294,0.002,0.998,0.438,0.277,1.001,0.966,1.035,Hybrid (best of 4 seeds),Hybrid fallback after CP-SAT found no feasible schedule; best hybrid seed 1,VALID,514,67.63,397,402,27.86,benchmarks/flexible-jobshop/instances/fjsp/BehnkeGeiger2012/behnke60.txt
2026-10-01 13:13:23,mk01,10,6,55,5.5,0.348,0.052,0.942,0.651,0.227,0.964,0.455,1.473,CP-SAT (OPTIMAL),CP-SAT OPTIMAL and VALID,VALID,40,0.1,40,40,0.0,benchmarks/flexible-jobshop/instances/fjsp/Brandimarte1993/mk01.txt
2026-10-01 13:13:23,mk02,10,6,58,5.8,0.684,0.025,0.997,0.485,0.299,1.067,0.776,1.357,CP-SAT (OPTIMAL),CP-SAT OPTIMAL and VALID,VALID,26,0.42,26,26,0.0,benchmarks/flexible-jobshop/instances/fjsp/Brandimarte1993/mk02.txt
2026-10-01 13:13:24,mk03,15,8,150,10.0,0.376,0.038,0.995,0.416,0.413,1.513,0.66,2.365,CP-SAT (OPTIMAL),CP-SAT OPTIMAL and VALID,VALID,204,0.53,204,204,0.0,benchmarks/flexible-jobshop/instances/fjsp/Brandimarte1993/mk03.txt
2026-10-01 13:13:25,mk04,15,8,90,6.0,0.239,0.052,0.939,0.658,0.261,1.731,0.611,2.851,CP-SAT (OPTIMAL),CP-SAT OPTIMAL and VALID,VALID,60,0.13,60,60,0.0,benchmarks/flexible-jobshop/instances/fjsp/Brandimarte1993/mk04.txt
2026-10-01 13:13:27,mk05,15,4,106,7.07,0.427,0.028,0.989,0.879,0.069,0.762,0.434,1.089,CP-SAT (OPTIMAL),CP-SAT OPTIMAL and VALID,VALID,172,1.35,172,172,0.0,benchmarks/flexible-jobshop/instances/fjsp/Brandimarte1993/mk05.txt
2026-10-01 13:13:46,mk06,10,15,150,15.0,0.218,0.018,0.824,0.304,0.468,1.085,0.8,1.37,CP-SAT (FEASIBLE),CP-SAT FEASIBLE no worse than best hybrid seed 0,VALID,61,18.79,57,57,7.02,benchmarks/flexible-jobshop/instances/fjsp/Brandimarte1993/mk06.txt
2026-10-01 13:13:48,mk07,20,5,100,5.0,0.566,0.067,0.997,0.477,0.357,1.007,0.58,1.435,CP-SAT (OPTIMAL),CP-SAT OPTIMAL and VALID,VALID,139,1.35,139,139,0.0,benchmarks/flexible-jobshop/instances/fjsp/Brandimarte1993/mk07.txt
2026-10-01 13:13:48,mk08,20,10,225,11.25,0.143,0.037,0.917,0.815,0.128,1.003,0.36,1.646,CP-SAT (OPTIMAL),CP-SAT OPTIMAL and VALID,VALID,523,0.12,523,523,0.0,benchmarks/flexible-jobshop/instances/fjsp/Brandimarte1993/mk08.txt
2026-10-01 13:13:50,mk09,20,10,240,12.0,0.253,0.025,0.981,0.689,0.175,0.916,0.517,1.316,CP-SAT (OPTIMAL),CP-SAT OPTIMAL and VALID,VALID,307,1.39,307,307,0.0,benchmarks/flexible-jobshop/instances/fjsp/Brandimarte1993/mk09.txt
2026-10-01 13:15:06,mk10,20,15,240,12.0,0.199,0.021,0.855,0.615,0.223,0.974,0.812,1.136,CP-SAT (FEASIBLE),CP-SAT FEASIBLE no worse than best hybrid seed 0,VALID,216,29.2,189,193,11.92,benchmarks/flexible-jobshop/instances/fjsp/Brandimarte1993/mk10.txt
2026-10-01 13:15:36,mk11,30,5,179,5.97,0.302,0.07,0.974,0.872,0.08,0.857,0.369,1.345,CP-SAT (FEASIBLE),CP-SAT FEASIBLE no worse than best hybrid seed 0,VALID,616,29.59,609,609,1.15,benchmarks/flexible-jobshop/instances/fjsp/Brandimarte1993/mk11.txt
2026-10-01 13:15:37,mk12,30,10,193,6.43,0.149,0.062,0.948,0.877,0.076,0.887,0.295,1.478,CP-SAT (OPTIMAL),CP-SAT OPTIMAL and VALID,VALID,508,0.95,508,508,0.0,benchmarks/flexible-jobshop/instances/fjsp/Brandimarte1993/mk12.txt
2026-10-01 13:16:11,mk13,30,10,231,7.7,0.337,0.026,0.987,0.662,0.173,0.835,0.615,1.056,CP-SAT (FEASIBLE),CP-SAT FEASIBLE no worse than best hybrid seed 0,VALID,434,33.36,382,390,11.28,benchmarks/flexible-jobshop/instances/fjsp/Brandimarte1993/mk13.txt
2026-10-01 13:16:12,mk14,30,15,277,9.23,0.104,0.042,0.918,0.87,0.079,0.779,0.325,1.233,CP-SAT (OPTIMAL),CP-SAT OPTIMAL and VALID,VALID,694,0.1,694,694,0.0,benchmarks/flexible-jobshop/instances/fjsp/Brandimarte1993/mk14.txt
2026-10-01 13:16:49,mk15,30,15,284,9.47,0.202,0.023,0.99,0.689,0.161,0.743,0.528,0.958,CP-SAT (FEASIBLE),CP-SAT FEASIBLE no worse than best hybrid seed 0,VALID,365,36.62,333,333,9.61,benchmarks/flexible-jobshop/instances/fjsp/Brandimarte1993/mk15.txt
2026-10-01 13:21:20,01a,10,5,196,19.6,0.226,0.376,0.996,1.0,0.0,0.61,0.219,1.0,CP-SAT (FEASIBLE),CP-SAT FEASIBLE no worse than best hybrid seed 0,VALID,2570,24.72,2505,2505,2.59,benchmarks/flexible-jobshop/instances/fjsp/DauzerePeresPaulli1994/01a.txt
2026-10-01 13:21:46,02a,10,5,196,19.6,0.339,0.25,0.997,1.0,0.0,0.653,0.306,1.0,CP-SAT (FEASIBLE),CP-SAT FEASIBLE no worse than best hybrid seed 0,VALID,2285,25.3,2228,2228,2.56,benchmarks/flexible-jobshop/instances/fjsp/DauzerePeresPaulli1994/02a.txt
2026-10-01 13:22:14,03a,10,5,196,19.6,0.511,0.166,0.999,1.0,0.0,0.77,0.541,1.0,CP-SAT (FEASIBLE),CP-SAT FEASIBLE no worse than best hybrid seed 0,VALID,2236,27.49,2228,2228,0.36,benchmarks/flexible-jobshop/instances/fjsp/DauzerePeresPaulli1994/03a.txt
2026-10-01 13:22:18,04a,10,5,196,19.6,0.226,0.357,0.996,0.992,0.004,0.654,0.276,1.032,CP-SAT (OPTIMAL),CP-SAT OPTIMAL and VALID,VALID,2503,3.79,2503,2503,0.0,benchmarks/flexible-jobshop/instances/fjsp/DauzerePeresPaulli1994/04a.txt
2026-10-01 13:22:43,05a,10,5,196,19.6,0.339,0.253,0.997,0.968,0.016,0.671,0.357,0.984,CP-SAT (FEASIBLE),CP-SAT FEASIBLE no worse than best hybrid seed 0,VALID,2256,24.87,2195,2199,2.59,benchmarks/flexible-jobshop/instances/fjsp/DauzerePeresPaulli1994/05a.txt
2026-10-01 13:23:12,06a,10,5,196,19.6,0.511,0.17,0.999,0.941,0.028,0.772,0.556,0.987,CP-SAT (FEASIBLE),CP-SAT FEASIBLE no worse than best hybrid seed 0,VALID,2239,27.6,2164,2169,3.23,benchmarks/flexible-jobshop/instances/fjsp/DauzerePeresPaulli1994/06a.txt
2026-10-01 13:23:45,07a,15,8,293,19.53,0.155,0.247,0.994,1.0,0.0,0.637,0.273,1.0,Hybrid (best of 4 seeds),Best hybrid seed 0 beat CP-SAT FEASIBLE,VALID,2453,33.26,2216,2254,8.83,benchmarks/flexible-jobshop/instances/fjsp/DauzerePeresPaulli1994/07a.txt
2026-10-01 13:24:22,08a,15,8,293,19.53,0.302,0.127,0.999,1.0,0.0,0.761,0.522,1.0,Hybrid (best of 4 seeds),Best hybrid seed 0 beat CP-SAT FEASIBLE,VALID,2127,36.57,2061,2061,3.2,benchmarks/flexible-jobshop/instances/fjsp/DauzerePeresPaulli1994/08a.txt
2026-10-01 13:25:04,09a,15,8,293,19.53,0.504,0.076,1.0,1.0,0.0,0.874,0.747,1.0,CP-SAT (FEASIBLE),CP-SAT FEASIBLE no worse than best hybrid seed 0,VALID,2065,40.71,2061,2061,0.19,benchmarks/flexible-jobshop/instances/fjsp/DauzerePeresPaulli1994/09a.txt
2026-10-01 13:26:20,10a,15,8,293,19.53,0.155,0.231,0.994,0.99,0.005,0.667,0.334,1.0,CP-SAT (FEASIBLE),CP-SAT FEASIBLE no worse than best hybrid seed 0,VALID,2436,33.76,2212,2241,8.7,benchmarks/flexible-jobshop/instances/fjsp/DauzerePeresPaulli1994/10a.txt
2026-10-01 13:26:56,11a,15,8,293,19.53,0.302,0.124,0.999,0.946,0.025,0.786,0.563,1.009,CP-SAT (FEASIBLE),CP-SAT FEASIBLE no worse than best hybrid seed 0,VALID,2138,35.8,2019,2037,4.96,benchmarks/flexible-jobshop/instances/fjsp/DauzerePeresPaulli1994/11a.txt
2026-10-01 13:27:37,12a,15,8,293,19.53,0.504,0.074,1.0,0.905,0.04,0.882,0.765,0.999,CP-SAT (FEASIBLE),CP-SAT FEASIBLE no worse than best hybrid seed 0,VALID,2060,40.41,1969,1984,3.83,benchmarks/flexible-jobshop/instances/fjsp/DauzerePeresPaulli1994/12a.txt
2026-10-01 13:28:24,13a,20,10,387,19.35,0.134,0.176,0.995,1.0,0.0,0.645,0.289,1.0,CP-SAT (FEASIBLE),CP-SAT FEASIBLE no worse than best hybrid seed 0,VALID,2402,45.7,2206,2236,7.42,benchmarks/flexible-jobshop/instances/fjsp/DauzerePeresPaulli1994/13a.txt
2026-10-01 13:29:18,14a,20,10,387,19.35,0.299,0.079,0.998,1.0,0.0,0.795,0.589,1.0,CP-SAT (FEASIBLE),CP-SAT FEASIBLE no worse than best hybrid seed 0,VALID,2204,53.59,2161,2161,1.99,benchmarks/flexible-jobshop/instances/fjsp/DauzerePeresPaulli1994/14a.txt
2026-10-01 13:30:16,15a,20,10,387,19.35,0.502,0.047,0.999,1.0,0.0,0.891,0.783,1.0,CP-SAT (FEASIBLE),CP-SAT FEASIBLE no worse than best hybrid seed 0,VALID,2164,58.02,2161,2161,0.14,benchmarks/flexible-jobshop/instances/fjsp/DauzerePeresPaulli1994/15a.txt
2026-10-01 13:31:04,16a,20,10,387,19.35,0.134,0.166,0.995,0.985,0.008,0.649,0.269,1.029,Hybrid (best of 4 seeds),Best hybrid seed 0 beat CP-SAT FEASIBLE,VALID,2399,46.7,2202,2231,7.53,benchmarks/flexible-jobshop/instances/fjsp/DauzerePeresPaulli1994/16a.txt
2026-10-01 13:31:57,17a,20,10,387,19.35,0.299,0.076,0.998,0.927,0.033,0.719,0.45,0.988,CP-SAT (FEASIBLE),CP-SAT FEASIBLE no worse than best hybrid seed 0,VALID,2204,52.77,2089,2105,4.7,benchmarks/flexible-jobshop/instances/fjsp/DauzerePeresPaulli1994/17a.txt
2026-10-01 13:32:54,18a,20,10,387,19.35,0.502,0.046,0.999,0.888,0.044,0.874,0.747,1.0,CP-SAT (FEASIBLE),CP-SAT FEASIBLE no worse than best hybrid seed 0,VALID,2161,56.7,2057,2070,4.4,benchmarks/flexible-jobshop/instances/fjsp/DauzerePeresPaulli1994/18a.txt
2026-10-01 13:34:44,fattahi1,2,2,4,2.0,1.0,0.875,1.0,0.61,0.257,1.346,1.0,1.692,CP-SAT (OPTIMAL),CP-SAT OPTIMAL and VALID,VALID,66,0.05,66,66,0.0,benchmarks/flexible-jobshop/instances/fjsp/FattahiMehrabadJolai2007/fattahi1.txt
2026-10-01 13:34:45,fattahi2,2,2,4,2.0,0.75,0.833,1.0,0.875,0.075,1.069,0.75,1.388,CP-SAT (OPTIMAL),CP-SAT OPTIMAL and VALID,VALID,107,0.01,107,107,0.0,benchmarks/flexible-jobshop/instances/fjsp/FattahiMehrabadJolai2007/fattahi2.txt
2026-10-01 13:34:45,fattahi3,3,2,6,2.0,0.833,0.9,1.0,0.898,0.057,0.971,0.833,1.108,CP-SAT (OPTIMAL),CP-SAT OPTIMAL and VALID,VALID,221,0.01,221,221,0.0,benchmarks/flexible-jobshop/instances/fjsp/FattahiMehrabadJolai2007/fattahi3.txt
2026-10-01 13:34:45,fattahi4,3,2,6,2.0,0.833,1.0,0.971,0.928,0.038,1.026,1.0,1.051,CP-SAT (OPTIMAL),CP-SAT OPTIMAL and VALID,VALID,355,0.01,355,355,0.0,benchmarks/flexible-jobshop/instances/fjsp/FattahiMehrabadJolai2007/fattahi4.txt
2026-10-01 13:34:46,fattahi5,3,2,6,2.0,1.0,0.75,1.0,0.737,0.158,1.051,1.0,1.103,CP-SAT (OPTIMAL),CP-SAT OPTIMAL and VALID,VALID,119,0.01,119,119,0.0,benchmarks/flexible-jobshop/instances/fjsp/FattahiMehrabadJolai2007/fattahi5.txt
2026-10-01 13:34:46,fattahi6,3,3,9,3.0,0.556,0.867,0.988,0.862,0.092,1.016,0.667,1.366,CP-SAT (OPTIMAL),CP-SAT OPTIMAL and VALID,VALID,320,0.01,320,320,0.0,benchmarks/flexible-jobshop/instances/fjsp/FattahiMehrabadJolai2007/fattahi6.txt
2026-10-01 13:34:46,fattahi7,3,5,9,3.0,0.4,0.944,0.994,0.809,0.112,0.821,0.444,1.197,CP-SAT (OPTIMAL),CP-SAT OPTIMAL and VALID,VALID,397,0.01,397,397,0.0,benchmarks/flexible-jobshop/instances/fjsp/FattahiMehrabadJolai2007/fattahi7.txt
2026-10-01 13:34:47,fattahi8,3,4,9,3.0,0.5,0.944,0.985,0.812,0.108,0.86,0.556,1.164,CP-SAT (OPTIMAL),CP-SAT OPTIMAL and VALID,VALID,253,0.01,253,253,0.0,benchmarks/flexible-jobshop/instances/fjsp/FattahiMehrabadJolai2007/fattahi8.txt
2026-10-01 13:34:47,fattahi9,3,3,9,3.0,0.667,0.556,0.976,0.796,0.117,0.876,0.556,1.196,CP-SAT (OPTIMAL),CP-SAT OPTIMAL and VALID,VALID,210,0.01,210,210,0.0,benchmarks/flexible-jobshop/instances/fjsp/FattahiMehrabadJolai2007/fattahi9.txt
2026-10-01 13:34:48,fattahi10,4,5,12,3.0,0.333,0.85,1.0,0.854,0.086,0.861,0.333,1.389,CP-SAT (OPTIMAL),CP-SAT OPTIMAL and VALID,VALID,516,0.01,516,516,0.0,benchmarks/flexible-jobshop/instances/fjsp/FattahiMehrabadJolai2007/fattahi10.txt
2026-10-01 13:34:48,fattahi11,5,6,15,3.0,0.367,0.788,0.994,0.758,0.138,0.825,0.4,1.25,CP-SAT (OPTIMAL),CP-SAT OPTIMAL and VALID,VALID,468,0.02,468,468,0.0,benchmarks/flexible-jobshop/instances/fjsp/FattahiMehrabadJolai2007/fattahi11.txt
2026-10-01 13:34:48,fattahi12,5,7,15,3.0,0.371,0.744,0.982,0.716,0.152,0.834,0.467,1.201,CP-SAT (OPTIMAL),CP-SAT OPTIMAL and VALID,VALID,446,0.02,446,446,0.0,benchmarks/flexible-jobshop/instances/fjsp/FattahiMehrabadJolai2007/fattahi12.txt
2026-10-01 13:34:49,fattahi13,6,7,18,3.0,0.381,0.708,0.981,0.685,0.173,0.876,0.5,1.252,CP-SAT (OPTIMAL),CP-SAT OPTIMAL and VALID,VALID,466,0.03,466,466,0.0,benchmarks/flexible-jobshop/instances/fjsp/FattahiMehrabadJolai2007/fattahi13.txt
2026-10-01 13:34:49,fattahi14,7,7,21,3.0,0.381,0.714,0.99,0.697,0.165,0.782,0.429,1.135,CP-SAT (OPTIMAL),CP-SAT OPTIMAL and VALID,VALID,554,0.05,554,554,0.0,benchmarks/flexible-jobshop/instances/fjsp/FattahiMehrabadJolai2007/fattahi14.txt
2026-10-01 13:34:49,fattahi15,7,7,21,3.0,0.374,0.691,0.986,0.689,0.172,0.784,0.238,1.331,CP-SAT (OPTIMAL),CP-SAT OPTIMAL and VALID,VALID,514,0.04,514,514,0.0,benchmarks/flexible-jobshop/instances/fjsp/FattahiMehrabadJolai2007/fattahi15.txt
2026-10-01 13:34:50,fattahi16,8,7,24,3.0,0.369,0.677,0.985,0.711,0.158,0.769,0.208,1.331,CP-SAT (OPTIMAL),CP-SAT OPTIMAL and VALID,VALID,634,0.07,634,634,0.0,benchmarks/flexible-jobshop/instances/fjsp/FattahiMehrabadJolai2007/fattahi16.txt
2026-10-01 13:34:50,fattahi17,8,7,32,4.0,0.348,0.59,0.977,0.723,0.156,0.786,0.438,1.134,CP-SAT (OPTIMAL),CP-SAT OPTIMAL and VALID,VALID,879,0.15,879,879,0.0,benchmarks/flexible-jobshop/instances/fjsp/FattahiMehrabadJolai2007/fattahi17.txt
2026-10-01 13:34:51,fattahi18,9,8,36,4.0,0.299,0.547,0.977,0.74,0.148,0.682,0.306,1.058,CP-SAT (OPTIMAL),CP-SAT OPTIMAL and VALID,VALID,884,0.58,884,884,0.0,benchmarks/flexible-jobshop/instances/fjsp/FattahiMehrabadJolai2007/fattahi18.txt
2026-10-01 13:35:01,fattahi19,11,8,44,4.0,0.293,0.456,0.972,0.767,0.132,0.827,0.455,1.2,CP-SAT (OPTIMAL),CP-SAT OPTIMAL and VALID,VALID,1055,8.88,1055,1055,0.0,benchmarks/flexible-jobshop/instances/fjsp/FattahiMehrabadJolai2007/fattahi19.txt
2026-10-01 13:35:13,fattahi20,12,8,48,4.0,0.292,0.455,0.968,0.772,0.128,0.801,0.438,1.165,CP-SAT (FEASIBLE),CP-SAT FEASIBLE no worse than best hybrid seed 0,VALID,1196,12.46,1196,1196,0.0,benchmarks/flexible-jobshop/instances/fjsp/FattahiMehrabadJolai2007/fattahi20.txt
2026-10-01 13:35:49,kacem1,4,5,12,3.0,1.0,0.167,1.0,0.347,0.485,1.407,1.0,1.814,CP-SAT (OPTIMAL),CP-SAT OPTIMAL and VALID,VALID,11,0.06,11,11,0.0,benchmarks/flexible-jobshop/instances/fjsp/KacemHammadiBorne2002/kacem1.txt
2026-10-01 13:35:50,kacem2,10,7,29,2.9,1.0,0.089,1.0,0.176,0.608,1.451,1.0,1.901,CP-SAT (OPTIMAL),CP-SAT OPTIMAL and VALID,VALID,11,0.06,11,11,0.0,benchmarks/flexible-jobshop/instances/fjsp/KacemHammadiBorne2002/kacem2.txt
2026-10-01 13:35:50,kacem3,10,10,30,3.0,1.0,0.06,1.0,0.115,0.596,1.215,1.0,1.431,CP-SAT (OPTIMAL),CP-SAT OPTIMAL and VALID,VALID,7,0.09,7,7,0.0,benchmarks/flexible-jobshop/instances/fjsp/KacemHammadiBorne2002/kacem3.txt
2026-10-01 13:36:04,kacem4,15,10,56,3.73,1.0,0.055,1.0,0.149,0.657,1.039,1.0,1.079,CP-SAT (FEASIBLE),CP-SAT FEASIBLE no worse than best hybrid seed 0,VALID,11,13.9,11,11,0.0,benchmarks/flexible-jobshop/instances/fjsp/KacemHammadiBorne2002/kacem4.txt
2026-10-01 13:38:26,abz5_edata,10,10,100,10.0,0.113,0.372,0.998,1.0,0.0,0.6,0.2,1.0,CP-SAT (OPTIMAL),CP-SAT OPTIMAL and VALID,VALID,1167,0.41,1167,1167,0.0,benchmarks/flexible-jobshop/instances/fjsp/HurinkJurischThole1994/edata/abz5.txt
2026-10-01 13:38:26,abz6_edata,10,10,100,10.0,0.114,0.5,0.998,1.0,0.0,0.605,0.21,1.0,CP-SAT (OPTIMAL),CP-SAT OPTIMAL and VALID,VALID,925,0.12,925,925,0.0,benchmarks/flexible-jobshop/instances/fjsp/HurinkJurischThole1994/edata/abz6.txt
2026-10-01 13:38:58,abz7_edata,20,15,300,15.0,0.075,0.088,0.999,1.0,0.0,0.612,0.223,1.0,Hybrid (best of 4 seeds),Best hybrid seed 0 beat CP-SAT FEASIBLE,VALID,640,32.18,604,610,4.92,benchmarks/flexible-jobshop/instances/fjsp/HurinkJurischThole1994/edata/abz7.txt
2026-10-01 13:39:30,abz8_edata,20,15,300,15.0,0.076,0.088,0.999,1.0,0.0,0.613,0.227,1.0,CP-SAT (FEASIBLE),CP-SAT FEASIBLE no worse than best hybrid seed 0,VALID,657,32.43,625,636,3.3,benchmarks/flexible-jobshop/instances/fjsp/HurinkJurischThole1994/edata/abz8.txt
2026-10-01 13:40:03,abz9_edata,20,15,300,15.0,0.075,0.088,0.999,1.0,0.0,0.608,0.217,1.0,CP-SAT (FEASIBLE),CP-SAT FEASIBLE no worse than best hybrid seed 0,VALID,661,32.67,644,644,2.64,benchmarks/flexible-jobshop/instances/fjsp/HurinkJurischThole1994/edata/abz9.txt
2026-10-01 13:40:03,car1_edata,11,5,55,5.0,0.24,0.636,0.995,1.0,0.0,0.627,0.255,1.0,CP-SAT (OPTIMAL),CP-SAT OPTIMAL and VALID,VALID,6176,0.16,6176,6176,0.0,benchmarks/flexible-jobshop/instances/fjsp/HurinkJurischThole1994/edata/car1.txt
2026-10-01 13:40:04,car2_edata,13,4,52,4.0,0.303,0.698,0.995,1.0,0.0,0.663,0.327,1.0,CP-SAT (OPTIMAL),CP-SAT OPTIMAL and VALID,VALID,6327,0.46,6327,6327,0.0,benchmarks/flexible-jobshop/instances/fjsp/HurinkJurischThole1994/edata/car2.txt
2026-10-01 13:40:04,car3_edata,12,5,60,5.0,0.237,0.549,0.995,1.0,0.0,0.625,0.25,1.0,CP-SAT (OPTIMAL),CP-SAT OPTIMAL and VALID,VALID,6856,0.33,6856,6856,0.0,benchmarks/flexible-jobshop/instances/fjsp/HurinkJurischThole1994/edata/car3.txt
2026-10-01 13:40:04,car4_edata,14,4,56,4.0,0.299,0.597,0.996,1.0,0.0,0.661,0.321,1.0,CP-SAT (OPTIMAL),CP-SAT OPTIMAL and VALID,VALID,7789,0.06,7789,7789,0.0,benchmarks/flexible-jobshop/instances/fjsp/HurinkJurischThole1994/edata/car4.txt
2026-10-01 13:40:04,car5_edata,10,6,60,6.0,0.194,0.671,0.999,1.0,0.0,0.592,0.183,1.0,CP-SAT (OPTIMAL),CP-SAT OPTIMAL and VALID,VALID,7229,0.05,7229,7229,0.0,benchmarks/flexible-jobshop/instances/fjsp/HurinkJurischThole1994/edata/car5.txt
2026-10-01 13:40:05,car6_edata,8,9,72,9.0,0.13,0.667,0.996,1.0,0.0,0.625,0.25,1.0,CP-SAT (OPTIMAL),CP-SAT OPTIMAL and VALID,VALID,7990,0.47,7990,7990,0.0,benchmarks/flexible-jobshop/instances/fjsp/HurinkJurischThole1994/edata/car6.txt
2026-10-01 13:40:05,car7_edata,7,7,49,7.0,0.169,0.707,0.996,1.0,0.0,0.582,0.163,1.0,CP-SAT (OPTIMAL),CP-SAT OPTIMAL and VALID,VALID,6123,0.06,6123,6123,0.0,benchmarks/flexible-jobshop/instances/fjsp/HurinkJurischThole1994/edata/car7.txt
2026-10-01 13:40:05,car8_edata,8,8,64,8.0,0.146,0.44,0.998,1.0,0.0,0.641,0.281,1.0,CP-SAT (OPTIMAL),CP-SAT OPTIMAL and VALID,VALID,7689,0.16,7689,7689,0.0,benchmarks/flexible-jobshop/instances/fjsp/HurinkJurischThole1994/edata/car8.txt
2026-10-01 13:40:05,ft06_edata,6,6,36,6.0,0.194,0.214,0.996,1.0,0.0,0.597,0.194,1.0,CP-SAT (OPTIMAL),CP-SAT OPTIMAL and VALID,VALID,55,0.01,55,55,0.0,benchmarks/flexible-jobshop/instances/fjsp/HurinkJurischThole1994/edata/ft06.txt
2026-10-01 13:40:06,ft10_edata,10,10,100,10.0,0.113,0.522,0.998,1.0,0.0,0.6,0.2,1.0,CP-SAT (OPTIMAL),CP-SAT OPTIMAL and VALID,VALID,871,1.16,871,871,0.0,benchmarks/flexible-jobshop/instances/fjsp/HurinkJurischThole1994/edata/ft10.txt
2026-10-01 13:40:06,ft20_edata,20,5,100,5.0,0.226,0.522,0.998,1.0,0.0,0.61,0.22,1.0,CP-SAT (OPTIMAL),CP-SAT OPTIMAL and VALID,VALID,1088,0.11,1088,1088,0.0,benchmarks/flexible-jobshop/instances/fjsp/HurinkJurischThole1994/edata/ft20.txt
2026-10-01 13:40:06,la01_edata,10,5,50,5.0,0.24,0.633,0.999,1.0,0.0,0.63,0.26,1.0,CP-SAT (OPTIMAL),CP-SAT OPTIMAL and VALID,VALID,609,0.02,609,609,0.0,benchmarks/flexible-jobshop/instances/fjsp/HurinkJurischThole1994/edata/la01.txt
2026-10-01 13:40:06,la02_edata,10,5,50,5.0,0.24,0.65,0.994,1.0,0.0,0.6,0.2,1.0,CP-SAT (OPTIMAL),CP-SAT OPTIMAL and VALID,VALID,655,0.02,655,655,0.0,benchmarks/flexible-jobshop/instances/fjsp/HurinkJurischThole1994/edata/la02.txt
2026-10-01 13:40:06,la03_edata,10,5,50,5.0,0.236,0.661,0.999,1.0,0.0,0.61,0.22,1.0,CP-SAT (OPTIMAL),CP-SAT OPTIMAL and VALID,VALID,550,0.04,550,550,0.0,benchmarks/flexible-jobshop/instances/fjsp/HurinkJurischThole1994/edata/la03.txt
2026-10-01 13:40:06,la04_edata,10,5,50,5.0,0.236,0.627,0.998,1.0,0.0,0.62,0.24,1.0,CP-SAT (OPTIMAL),CP-SAT OPTIMAL and VALID,VALID,568,0.06,568,568,0.0,benchmarks/flexible-jobshop/instances/fjsp/HurinkJurischThole1994/edata/la04.txt
2026-10-01 13:40:06,la05_edata,10,5,50,5.0,0.24,0.667,0.996,1.0,0.0,0.64,0.28,1.0,CP-SAT (OPTIMAL),CP-SAT OPTIMAL and VALID,VALID,503,0.02,503,503,0.0,benchmarks/flexible-jobshop/instances/fjsp/HurinkJurischThole1994/edata/la05.txt
2026-10-01 13:40:06,la06_edata,15,5,75,5.0,0.229,0.593,0.999,1.0,0.0,0.613,0.227,1.0,CP-SAT (OPTIMAL),CP-SAT OPTIMAL and VALID,VALID,833,0.05,833,833,0.0,benchmarks/flexible-jobshop/instances/fjsp/HurinkJurischThole1994/edata/la06.txt
2026-10-01 13:40:07,la07_edata,15,5,75,5.0,0.229,0.616,0.997,1.0,0.0,0.607,0.213,1.0,CP-SAT (OPTIMAL),CP-SAT OPTIMAL and VALID,VALID,762,0.13,762,762,0.0,benchmarks/flexible-jobshop/instances/fjsp/HurinkJurischThole1994/edata/la07.txt
2026-10-01 13:40:07,la08_edata,15,5,75,5.0,0.229,0.581,0.997,1.0,0.0,0.6,0.2,1.0,CP-SAT (OPTIMAL),CP-SAT OPTIMAL and VALID,VALID,845,0.05,845,845,0.0,benchmarks/flexible-jobshop/instances/fjsp/HurinkJurischThole1994/edata/la08.txt
2026-10-01 13:40:07,la09_edata,15,5,75,5.0,0.229,0.57,0.998,1.0,0.0,0.613,0.227,1.0,CP-SAT (OPTIMAL),CP-SAT OPTIMAL and VALID,VALID,878,0.1,878,878,0.0,benchmarks/flexible-jobshop/instances/fjsp/HurinkJurischThole1994/edata/la09.txt
2026-10-01 13:40:07,la10_edata,15,5,75,5.0,0.232,0.667,0.995,1.0,0.0,0.633,0.267,1.0,CP-SAT (OPTIMAL),CP-SAT OPTIMAL and VALID,VALID,866,0.02,866,866,0.0,benchmarks/flexible-jobshop/instances/fjsp/HurinkJurischThole1994/edata/la10.txt
2026-10-01 13:40:07,la11_edata,20,5,100,5.0,0.226,0.54,0.998,1.0,0.0,0.61,0.22,1.0,CP-SAT (OPTIMAL),CP-SAT OPTIMAL and VALID,VALID,1103,0.16,1103,1103,0.0,benchmarks/flexible-jobshop/instances/fjsp/HurinkJurischThole1994/edata/la11.txt
2026-10-01 13:40:07,la12_edata,20,5,100,5.0,0.228,0.5,0.997,1.0,0.0,0.62,0.24,1.0,CP-SAT (OPTIMAL),CP-SAT OPTIMAL and VALID,VALID,960,0.11,960,960,0.0,benchmarks/flexible-jobshop/instances/fjsp/HurinkJurischThole1994/edata/la12.txt
2026-10-01 13:40:07,la13_edata,20,5,100,5.0,0.228,0.535,0.997,1.0,0.0,0.605,0.21,1.0,CP-SAT (OPTIMAL),CP-SAT OPTIMAL and VALID,VALID,1053,0.08,1053,1053,0.0,benchmarks/flexible-jobshop/instances/fjsp/HurinkJurischThole1994/edata/la13.txt
2026-10-01 13:40:07,la14_edata,20,5,100,5.0,0.226,0.575,0.999,1.0,0.0,0.615,0.23,1.0,CP-SAT (OPTIMAL),CP-SAT OPTIMAL and VALID,VALID,1123,0.08,1123,1123,0.0,benchmarks/flexible-jobshop/instances/fjsp/HurinkJurischThole1994/edata/la14.txt
2026-10-01 13:40:08,la15_edata,20,5,100,5.0,0.226,0.584,0.998,1.0,0.0,0.61,0.22,1.0,CP-SAT (OPTIMAL),CP-SAT OPTIMAL and VALID,VALID,1111,0.47,1111,1111,0.0,benchmarks/flexible-jobshop/instances/fjsp/HurinkJurischThole1994/edata/la15.txt
2026-10-01 13:40:08,la16_edata,10,10,100,10.0,0.113,0.54,0.998,1.0,0.0,0.6,0.2,1.0,CP-SAT (OPTIMAL),CP-SAT OPTIMAL and VALID,VALID,892,0.18,892,892,0.0,benchmarks/flexible-jobshop/instances/fjsp/HurinkJurischThole1994/edata/la16.txt
2026-10-01 13:40:08,la17_edata,10,10,100,10.0,0.113,0.504,0.999,1.0,0.0,0.605,0.21,1.0,CP-SAT (OPTIMAL),CP-SAT OPTIMAL and VALID,VALID,707,0.07,707,707,0.0,benchmarks/flexible-jobshop/instances/fjsp/HurinkJurischThole1994/edata/la17.txt
2026-10-01 13:40:08,la18_edata,10,10,100,10.0,0.113,0.54,0.998,1.0,0.0,0.61,0.22,1.0,CP-SAT (OPTIMAL),CP-SAT OPTIMAL and VALID,VALID,842,0.11,842,842,0.0,benchmarks/flexible-jobshop/instances/fjsp/HurinkJurischThole1994/edata/la18.txt
2026-10-01 13:40:08,la19_edata,10,10,100,10.0,0.113,0.575,0.999,1.0,0.0,0.6,0.2,1.0,CP-SAT (OPTIMAL),CP-SAT OPTIMAL and VALID,VALID,796,0.23,796,796,0.0,benchmarks/flexible-jobshop/instances/fjsp/HurinkJurischThole1994/edata/la19.txt
2026-10-01 13:40:08,la20_edata,10,10,100,10.0,0.113,0.584,0.999,1.0,0.0,0.605,0.21,1.0,CP-SAT (OPTIMAL),CP-SAT OPTIMAL and VALID,VALID,857,0.1,857,857,0.0,benchmarks/flexible-jobshop/instances/fjsp/HurinkJurischThole1994/edata/la20.txt
2026-10-01 13:40:27,la21_edata,15,10,150,10.0,0.115,0.428,0.999,1.0,0.0,0.61,0.22,1.0,CP-SAT (FEASIBLE),CP-SAT FEASIBLE no worse than best hybrid seed 0,VALID,1009,19.05,1009,1009,0.0,benchmarks/flexible-jobshop/instances/fjsp/HurinkJurischThole1994/edata/la21.txt
2026-10-01 13:40:29,la22_edata,15,10,150,10.0,0.115,0.416,0.999,1.0,0.0,0.61,0.22,1.0,CP-SAT (OPTIMAL),CP-SAT OPTIMAL and VALID,VALID,880,1.97,880,880,0.0,benchmarks/flexible-jobshop/instances/fjsp/HurinkJurischThole1994/edata/la22.txt
2026-10-01 13:40:31,la23_edata,15,10,150,10.0,0.114,0.427,0.999,1.0,0.0,0.603,0.207,1.0,CP-SAT (OPTIMAL),CP-SAT OPTIMAL and VALID,VALID,950,2.07,950,950,0.0,benchmarks/flexible-jobshop/instances/fjsp/HurinkJurischThole1994/edata/la23.txt
2026-10-01 13:40:51,la24_edata,15,10,150,10.0,0.116,0.443,0.998,1.0,0.0,0.607,0.213,1.0,CP-SAT (FEASIBLE),CP-SAT FEASIBLE no worse than best hybrid seed 0,VALID,908,19.36,908,908,0.0,benchmarks/flexible-jobshop/instances/fjsp/HurinkJurischThole1994/edata/la24.txt
2026-10-01 13:40:54,la25_edata,15,10,150,10.0,0.116,0.471,0.999,1.0,0.0,0.607,0.213,1.0,CP-SAT (OPTIMAL),CP-SAT OPTIMAL and VALID,VALID,936,3.49,936,936,0.0,benchmarks/flexible-jobshop/instances/fjsp/HurinkJurischThole1994/edata/la25.txt
2026-10-01 13:41:19,la26_edata,20,10,200,10.0,0.114,0.379,0.999,1.0,0.0,0.608,0.215,1.0,CP-SAT (FEASIBLE),CP-SAT FEASIBLE no worse than best hybrid seed 0,VALID,1143,24.47,1106,1106,3.35,benchmarks/flexible-jobshop/instances/fjsp/HurinkJurischThole1994/edata/la26.txt
2026-10-01 13:41:43,la27_edata,20,10,200,10.0,0.114,0.361,1.0,1.0,0.0,0.61,0.22,1.0,CP-SAT (FEASIBLE),CP-SAT FEASIBLE no worse than best hybrid seed 0,VALID,1196,24.48,1181,1181,1.27,benchmarks/flexible-jobshop/instances/fjsp/HurinkJurischThole1994/edata/la27.txt
2026-10-01 13:42:08,la28_edata,20,10,200,10.0,0.113,0.376,0.999,1.0,0.0,0.603,0.205,1.0,CP-SAT (FEASIBLE),CP-SAT FEASIBLE no worse than best hybrid seed 0,VALID,1155,24.52,1142,1142,1.14,benchmarks/flexible-jobshop/instances/fjsp/HurinkJurischThole1994/edata/la28.txt
2026-10-01 13:42:32,la29_edata,20,10,200,10.0,0.114,0.388,0.999,1.0,0.0,0.613,0.225,1.0,Hybrid (best of 4 seeds),Best hybrid seed 0 beat CP-SAT FEASIBLE,VALID,1119,24.31,1107,1107,1.08,benchmarks/flexible-jobshop/instances/fjsp/HurinkJurischThole1994/edata/la29.txt
2026-10-01 13:42:56,la30_edata,20,10,200,10.0,0.114,0.352,0.999,1.0,0.0,0.603,0.205,1.0,CP-SAT (FEASIBLE),CP-SAT FEASIBLE no worse than best hybrid seed 0,VALID,1217,24.33,1188,1188,2.44,benchmarks/flexible-jobshop/instances/fjsp/HurinkJurischThole1994/edata/la30.txt
2026-10-01 13:43:37,la31_edata,30,10,300,10.0,0.114,0.27,0.999,1.0,0.0,0.607,0.213,1.0,CP-SAT (FEASIBLE),CP-SAT FEASIBLE no worse than best hybrid seed 0,VALID,1573,40.3,1532,1532,2.68,benchmarks/flexible-jobshop/instances/fjsp/HurinkJurischThole1994/edata/la31.txt
2026-10-01 13:43:42,la32_edata,30,10,300,10.0,0.114,0.276,1.0,1.0,0.0,0.607,0.213,1.0,CP-SAT (OPTIMAL),CP-SAT OPTIMAL and VALID,VALID,1698,5.29,1698,1698,0.0,benchmarks/flexible-jobshop/instances/fjsp/HurinkJurischThole1994/edata/la32.txt
2026-10-01 13:43:49,la33_edata,30,10,300,10.0,0.113,0.271,0.999,1.0,0.0,0.612,0.223,1.0,CP-SAT (OPTIMAL),CP-SAT OPTIMAL and VALID,VALID,1547,6.93,1547,1547,0.0,benchmarks/flexible-jobshop/instances/fjsp/HurinkJurischThole1994/edata/la33.txt
2026-10-01 13:44:29,la34_edata,30,10,300,10.0,0.113,0.271,0.999,1.0,0.0,0.612,0.223,1.0,CP-SAT (FEASIBLE),CP-SAT FEASIBLE no worse than best hybrid seed 0,VALID,1623,39.88,1599,1599,1.5,benchmarks/flexible-jobshop/instances/fjsp/HurinkJurischThole1994/edata/la34.txt
2026-10-01 13:44:31,la35_edata,30,10,300,10.0,0.113,0.26,0.999,1.0,0.0,0.615,0.23,1.0,CP-SAT (OPTIMAL),CP-SAT OPTIMAL and VALID,VALID,1736,1.93,1736,1736,0.0,benchmarks/flexible-jobshop/instances/fjsp/HurinkJurischThole1994/edata/la35.txt
2026-10-01 13:44:38,la36_edata,15,15,225,15.0,0.076,0.341,0.998,1.0,0.0,0.609,0.218,1.0,CP-SAT (OPTIMAL),CP-SAT OPTIMAL and VALID,VALID,1160,7.32,1160,1160,0.0,benchmarks/flexible-jobshop/instances/fjsp/HurinkJurischThole1994/edata/la36.txt
2026-10-01 13:44:39,la37_edata,15,15,225,15.0,0.076,0.357,0.998,1.0,0.0,0.613,0.227,1.0,CP-SAT (OPTIMAL),CP-SAT OPTIMAL and VALID,VALID,1397,0.64,1397,1397,0.0,benchmarks/flexible-jobshop/instances/fjsp/HurinkJurischThole1994/edata/la37.txt
2026-10-01 13:45:02,la38_edata,15,15,225,15.0,0.076,0.319,0.998,1.0,0.0,0.609,0.218,1.0,CP-SAT (FEASIBLE),CP-SAT FEASIBLE no worse than best hybrid seed 0,VALID,1143,23.16,1141,1141,0.18,benchmarks/flexible-jobshop/instances/fjsp/HurinkJurischThole1994/edata/la38.txt
2026-10-01 13:45:06,la39_edata,15,15,225,15.0,0.076,0.346,0.998,1.0,0.0,0.622,0.244,1.0,CP-SAT (OPTIMAL),CP-SAT OPTIMAL and VALID,VALID,1184,4.16,1184,1184,0.0,benchmarks/flexible-jobshop/instances/fjsp/HurinkJurischThole1994/edata/la39.txt
2026-10-01 13:45:29,la40_edata,15,15,225,15.0,0.076,0.337,0.999,1.0,0.0,0.613,0.227,1.0,CP-SAT (FEASIBLE),CP-SAT FEASIBLE no worse than best hybrid seed 0,VALID,1144,23.07,1144,1144,0.0,benchmarks/flexible-jobshop/instances/fjsp/HurinkJurischThole1994/edata/la40.txt
2026-10-01 13:45:32,orb1_edata,10,10,100,10.0,0.114,0.579,0.998,1.0,0.0,0.605,0.21,1.0,CP-SAT (OPTIMAL),CP-SAT OPTIMAL and VALID,VALID,977,2.97,977,977,0.0,benchmarks/flexible-jobshop/instances/fjsp/HurinkJurischThole1994/edata/orb1.txt
2026-10-01 13:45:32,orb10_edata,10,10,100,10.0,0.114,0.561,0.998,1.0,0.0,0.605,0.21,1.0,CP-SAT (OPTIMAL),CP-SAT OPTIMAL and VALID,VALID,933,0.37,933,933,0.0,benchmarks/flexible-jobshop/instances/fjsp/HurinkJurischThole1994/edata/orb10.txt
2026-10-01 13:45:33,orb2_edata,10,10,100,10.0,0.113,0.496,0.999,1.0,0.0,0.605,0.21,1.0,CP-SAT (OPTIMAL),CP-SAT OPTIMAL and VALID,VALID,865,0.45,865,865,0.0,benchmarks/flexible-jobshop/instances/fjsp/HurinkJurischThole1994/edata/orb2.txt
2026-10-01 13:45:35,orb3_edata,10,10,100,10.0,0.114,0.526,0.997,1.0,0.0,0.605,0.21,1.0,CP-SAT (OPTIMAL),CP-SAT OPTIMAL and VALID,VALID,951,2.11,951,951,0.0,benchmarks/flexible-jobshop/instances/fjsp/HurinkJurischThole1994/edata/orb3.txt
2026-10-01 13:45:36,orb4_edata,10,10,100,10.0,0.114,0.526,0.998,1.0,0.0,0.605,0.21,1.0,CP-SAT (OPTIMAL),CP-SAT OPTIMAL and VALID,VALID,984,0.69,984,984,0.0,benchmarks/flexible-jobshop/instances/fjsp/HurinkJurischThole1994/edata/orb4.txt
2026-10-01 13:45:36,orb5_edata,10,10,100,10.0,0.114,0.605,0.998,1.0,0.0,0.605,0.21,1.0,CP-SAT (OPTIMAL),CP-SAT OPTIMAL and VALID,VALID,842,0.35,842,842,0.0,benchmarks/flexible-jobshop/instances/fjsp/HurinkJurischThole1994/edata/orb5.txt
2026-10-01 13:45:38,orb6_edata,10,10,100,10.0,0.114,0.553,0.998,1.0,0.0,0.605,0.21,1.0,CP-SAT (OPTIMAL),CP-SAT OPTIMAL and VALID,VALID,958,2.08,958,958,0.0,benchmarks/flexible-jobshop/instances/fjsp/HurinkJurischThole1994/edata/orb6.txt
2026-10-01 13:45:43,orb7_edata,10,10,100,10.0,0.113,0.345,0.999,1.0,0.0,0.605,0.21,1.0,Hybrid (best of 4 seeds),CP-SAT returned OPTIMAL or an invalid schedule; best hybrid seed 0,INVALID,454,4.97,389,389,16.71,benchmarks/flexible-jobshop/instances/fjsp/HurinkJurischThole1994/edata/orb7.txt
2026-10-01 13:45:43,orb8_edata,10,10,100,10.0,0.114,0.535,0.997,1.0,0.0,0.605,0.21,1.0,CP-SAT (OPTIMAL),CP-SAT OPTIMAL and VALID,VALID,894,0.06,894,894,0.0,benchmarks/flexible-jobshop/instances/fjsp/HurinkJurischThole1994/edata/orb8.txt
2026-10-01 13:45:44,orb9_edata,10,10,100,10.0,0.114,0.579,0.998,1.0,0.0,0.605,0.21,1.0,CP-SAT (OPTIMAL),CP-SAT OPTIMAL and VALID,VALID,933,0.48,933,933,0.0,benchmarks/flexible-jobshop/instances/fjsp/HurinkJurischThole1994/edata/orb9.txt
2026-10-01 13:49:01,abz5_rdata,10,10,100,10.0,0.198,0.212,0.995,1.0,0.0,0.715,0.43,1.0,CP-SAT (OPTIMAL),CP-SAT OPTIMAL and VALID,VALID,954,0.83,954,954,0.0,benchmarks/flexible-jobshop/instances/fjsp/HurinkJurischThole1994/rdata/abz5.txt
2026-10-01 13:49:01,abz6_rdata,10,10,100,10.0,0.194,0.294,0.999,1.0,0.0,0.695,0.39,1.0,CP-SAT (OPTIMAL),CP-SAT OPTIMAL and VALID,VALID,807,0.14,807,807,0.0,benchmarks/flexible-jobshop/instances/fjsp/HurinkJurischThole1994/rdata/abz6.txt
2026-10-01 13:49:33,abz7_rdata,20,15,300,15.0,0.13,0.051,0.999,1.0,0.0,0.67,0.34,1.0,CP-SAT (FEASIBLE),CP-SAT FEASIBLE no worse than best hybrid seed 0,VALID,558,32.74,497,522,6.9,benchmarks/flexible-jobshop/instances/fjsp/HurinkJurischThole1994/rdata/abz7.txt
2026-10-01 13:50:06,abz8_rdata,20,15,300,15.0,0.129,0.052,0.998,1.0,0.0,0.673,0.347,1.0,CP-SAT (FEASIBLE),CP-SAT FEASIBLE no worse than best hybrid seed 0,VALID,575,32.07,509,535,7.48,benchmarks/flexible-jobshop/instances/fjsp/HurinkJurischThole1994/rdata/abz8.txt
2026-10-01 13:50:38,abz9_rdata,20,15,300,15.0,0.13,0.051,0.999,1.0,0.0,0.672,0.343,1.0,CP-SAT (FEASIBLE),CP-SAT FEASIBLE no worse than best hybrid seed 0,VALID,565,32.67,517,536,5.41,benchmarks/flexible-jobshop/instances/fjsp/HurinkJurischThole1994/rdata/abz9.txt
2026-10-01 13:50:51,car1_rdata,11,5,55,5.0,0.404,0.378,0.998,1.0,0.0,0.709,0.418,1.0,CP-SAT (FEASIBLE),CP-SAT FEASIBLE no worse than best hybrid seed 0,VALID,5036,12.99,5034,5034,0.04,benchmarks/flexible-jobshop/instances/fjsp/HurinkJurischThole1994/rdata/car1.txt
2026-10-01 13:51:01,car2_rdata,13,4,52,4.0,0.481,0.44,0.993,1.0,0.0,0.769,0.538,1.0,CP-SAT (OPTIMAL),CP-SAT OPTIMAL and VALID,VALID,5985,9.47,5985,5985,0.0,benchmarks/flexible-jobshop/instances/fjsp/HurinkJurischThole1994/rdata/car2.txt
2026-10-01 13:51:14,car3_rdata,12,5,60,5.0,0.403,0.322,0.999,1.0,0.0,0.7,0.4,1.0,CP-SAT (FEASIBLE),CP-SAT FEASIBLE no worse than best hybrid seed 0,VALID,5630,13.34,5622,5622,0.14,benchmarks/flexible-jobshop/instances/fjsp/HurinkJurischThole1994/rdata/car3.txt
2026-10-01 13:51:16,car4_rdata,14,4,56,4.0,0.491,0.364,0.992,1.0,0.0,0.786,0.571,1.0,CP-SAT (OPTIMAL),CP-SAT OPTIMAL and VALID,VALID,6514,2.23,6514,6514,0.0,benchmarks/flexible-jobshop/instances/fjsp/HurinkJurischThole1994/rdata/car4.txt
2026-10-01 13:51:29,car5_rdata,10,6,60,6.0,0.319,0.409,0.992,1.0,0.0,0.608,0.217,1.0,CP-SAT (FEASIBLE),CP-SAT FEASIBLE no worse than best hybrid seed 0,VALID,5615,12.92,5615,5615,0.0,benchmarks/flexible-jobshop/instances/fjsp/HurinkJurischThole1994/rdata/car5.txt
2026-10-01 13:51:29,car6_rdata,8,9,72,9.0,0.216,0.4,0.997,1.0,0.0,0.708,0.417,1.0,CP-SAT (OPTIMAL),CP-SAT OPTIMAL and VALID,VALID,6147,0.07,6147,6147,0.0,benchmarks/flexible-jobshop/instances/fjsp/HurinkJurischThole1994/rdata/car6.txt
2026-10-01 13:51:29,car7_rdata,7,7,49,7.0,0.297,0.402,0.992,1.0,0.0,0.684,0.367,1.0,CP-SAT (OPTIMAL),CP-SAT OPTIMAL and VALID,VALID,4425,0.07,4425,4425,0.0,benchmarks/flexible-jobshop/instances/fjsp/HurinkJurischThole1994/rdata/car7.txt
2026-10-01 13:51:30,car8_rdata,8,8,64,8.0,0.24,0.268,0.995,1.0,0.0,0.703,0.406,1.0,CP-SAT (OPTIMAL),CP-SAT OPTIMAL and VALID,VALID,5692,0.16,5692,5692,0.0,benchmarks/flexible-jobshop/instances/fjsp/HurinkJurischThole1994/rdata/car8.txt
2026-10-01 13:51:30,ft06_rdata,6,6,36,6.0,0.343,0.122,0.985,1.0,0.0,0.611,0.222,1.0,CP-SAT (OPTIMAL),CP-SAT OPTIMAL and VALID,VALID,47,0.01,47,47,0.0,benchmarks/flexible-jobshop/instances/fjsp/HurinkJurischThole1994/rdata/ft06.txt
2026-10-01 13:51:30,ft10_rdata,10,10,100,10.0,0.196,0.301,0.998,1.0,0.0,0.705,0.41,1.0,CP-SAT (OPTIMAL),CP-SAT OPTIMAL and VALID,VALID,686,0.22,686,686,0.0,benchmarks/flexible-jobshop/instances/fjsp/HurinkJurischThole1994/rdata/ft10.txt
2026-10-01 13:51:31,ft20_rdata,20,5,100,5.0,0.388,0.304,0.998,1.0,0.0,0.695,0.39,1.0,CP-SAT (OPTIMAL),CP-SAT OPTIMAL and VALID,VALID,1022,1.59,1022,1022,0.0,benchmarks/flexible-jobshop/instances/fjsp/HurinkJurischThole1994/rdata/ft20.txt
2026-10-01 13:51:33,la01_rdata,10,5,50,5.0,0.384,0.396,0.999,1.0,0.0,0.7,0.4,1.0,CP-SAT (OPTIMAL),CP-SAT OPTIMAL and VALID,VALID,570,1.54,570,570,0.0,benchmarks/flexible-jobshop/instances/fjsp/HurinkJurischThole1994/rdata/la01.txt
2026-10-01 13:51:35,la02_rdata,10,5,50,5.0,0.376,0.415,0.997,1.0,0.0,0.7,0.4,1.0,CP-SAT (OPTIMAL),CP-SAT OPTIMAL and VALID,VALID,529,2.15,529,529,0.0,benchmarks/flexible-jobshop/instances/fjsp/HurinkJurischThole1994/rdata/la02.txt
2026-10-01 13:51:37,la03_rdata,10,5,50,5.0,0.396,0.394,0.997,1.0,0.0,0.72,0.44,1.0,CP-SAT (OPTIMAL),CP-SAT OPTIMAL and VALID,VALID,477,2.18,477,477,0.0,benchmarks/flexible-jobshop/instances/fjsp/HurinkJurischThole1994/rdata/la03.txt
2026-10-01 13:51:38,la04_rdata,10,5,50,5.0,0.404,0.366,0.999,1.0,0.0,0.71,0.42,1.0,CP-SAT (OPTIMAL),CP-SAT OPTIMAL and VALID,VALID,502,1.02,502,502,0.0,benchmarks/flexible-jobshop/instances/fjsp/HurinkJurischThole1994/rdata/la04.txt
2026-10-01 13:51:38,la05_rdata,10,5,50,5.0,0.412,0.388,0.999,1.0,0.0,0.69,0.38,1.0,CP-SAT (OPTIMAL),CP-SAT OPTIMAL and VALID,VALID,457,0.17,457,457,0.0,benchmarks/flexible-jobshop/instances/fjsp/HurinkJurischThole1994/rdata/la05.txt
2026-10-01 13:51:39,la06_rdata,15,5,75,5.0,0.376,0.362,0.999,1.0,0.0,0.7,0.4,1.0,CP-SAT (OPTIMAL),CP-SAT OPTIMAL and VALID,VALID,799,0.2,799,799,0.0,benchmarks/flexible-jobshop/instances/fjsp/HurinkJurischThole1994/rdata/la06.txt
2026-10-01 13:51:40,la07_rdata,15,5,75,5.0,0.392,0.361,0.999,1.0,0.0,0.7,0.4,1.0,CP-SAT (OPTIMAL),CP-SAT OPTIMAL and VALID,VALID,749,1.07,749,749,0.0,benchmarks/flexible-jobshop/instances/fjsp/HurinkJurischThole1994/rdata/la07.txt
2026-10-01 13:51:40,la08_rdata,15,5,75,5.0,0.387,0.345,0.998,1.0,0.0,0.68,0.36,1.0,CP-SAT (OPTIMAL),CP-SAT OPTIMAL and VALID,VALID,765,0.25,765,765,0.0,benchmarks/flexible-jobshop/instances/fjsp/HurinkJurischThole1994/rdata/la08.txt
2026-10-01 13:51:40,la09_rdata,15,5,75,5.0,0.384,0.34,0.999,1.0,0.0,0.687,0.373,1.0,CP-SAT (OPTIMAL),CP-SAT OPTIMAL and VALID,VALID,853,0.26,853,853,0.0,benchmarks/flexible-jobshop/instances/fjsp/HurinkJurischThole1994/rdata/la09.txt
2026-10-01 13:51:41,la10_rdata,15,5,75,5.0,0.392,0.395,0.997,1.0,0.0,0.707,0.413,1.0,CP-SAT (OPTIMAL),CP-SAT OPTIMAL and VALID,VALID,804,0.38,804,804,0.0,benchmarks/flexible-jobshop/instances/fjsp/HurinkJurischThole1994/rdata/la10.txt
2026-10-01 13:51:41,la11_rdata,20,5,100,5.0,0.406,0.3,0.999,1.0,0.0,0.7,0.4,1.0,CP-SAT (OPTIMAL),CP-SAT OPTIMAL and VALID,VALID,1071,0.51,1071,1071,0.0,benchmarks/flexible-jobshop/instances/fjsp/HurinkJurischThole1994/rdata/la11.txt
2026-10-01 13:51:41,la12_rdata,20,5,100,5.0,0.398,0.286,0.998,1.0,0.0,0.695,0.39,1.0,CP-SAT (OPTIMAL),CP-SAT OPTIMAL and VALID,VALID,936,0.21,936,936,0.0,benchmarks/flexible-jobshop/instances/fjsp/HurinkJurischThole1994/rdata/la12.txt
2026-10-01 13:51:41,la13_rdata,20,5,100,5.0,0.396,0.308,0.999,1.0,0.0,0.715,0.43,1.0,CP-SAT (OPTIMAL),CP-SAT OPTIMAL and VALID,VALID,1038,0.19,1038,1038,0.0,benchmarks/flexible-jobshop/instances/fjsp/HurinkJurischThole1994/rdata/la13.txt
2026-10-01 13:51:42,la14_rdata,20,5,100,5.0,0.394,0.33,0.999,1.0,0.0,0.69,0.38,1.0,CP-SAT (OPTIMAL),CP-SAT OPTIMAL and VALID,VALID,1070,0.27,1070,1070,0.0,benchmarks/flexible-jobshop/instances/fjsp/HurinkJurischThole1994/rdata/la14.txt
2026-10-01 13:51:48,la15_rdata,20,5,100,5.0,0.396,0.333,0.999,1.0,0.0,0.705,0.41,1.0,CP-SAT (OPTIMAL),CP-SAT OPTIMAL and VALID,VALID,1089,6.47,1089,1089,0.0,benchmarks/flexible-jobshop/instances/fjsp/HurinkJurischThole1994/rdata/la15.txt
2026-10-01 13:51:48,la16_rdata,10,10,100,10.0,0.201,0.303,0.996,1.0,0.0,0.68,0.36,1.0,CP-SAT (OPTIMAL),CP-SAT OPTIMAL and VALID,VALID,717,0.25,717,717,0.0,benchmarks/flexible-jobshop/instances/fjsp/HurinkJurischThole1994/rdata/la16.txt
2026-10-01 13:51:49,la17_rdata,10,10,100,10.0,0.193,0.295,0.996,1.0,0.0,0.705,0.41,1.0,CP-SAT (OPTIMAL),CP-SAT OPTIMAL and VALID,VALID,646,0.11,646,646,0.0,benchmarks/flexible-jobshop/instances/fjsp/HurinkJurischThole1994/rdata/la17.txt
2026-10-01 13:51:49,la18_rdata,10,10,100,10.0,0.199,0.307,0.995,1.0,0.0,0.69,0.38,1.0,CP-SAT (OPTIMAL),CP-SAT OPTIMAL and VALID,VALID,666,0.18,666,666,0.0,benchmarks/flexible-jobshop/instances/fjsp/HurinkJurischThole1994/rdata/la18.txt
2026-10-01 13:51:49,la19_rdata,10,10,100,10.0,0.196,0.332,0.998,1.0,0.0,0.705,0.41,1.0,CP-SAT (OPTIMAL),CP-SAT OPTIMAL and VALID,VALID,700,0.36,700,700,0.0,benchmarks/flexible-jobshop/instances/fjsp/HurinkJurischThole1994/rdata/la19.txt
2026-10-01 13:51:49,la20_rdata,10,10,100,10.0,0.199,0.332,0.997,1.0,0.0,0.69,0.38,1.0,CP-SAT (OPTIMAL),CP-SAT OPTIMAL and VALID,VALID,756,0.12,756,756,0.0,benchmarks/flexible-jobshop/instances/fjsp/HurinkJurischThole1994/rdata/la20.txt
2026-10-01 13:52:08,la21_rdata,15,10,150,10.0,0.201,0.246,0.998,1.0,0.0,0.713,0.427,1.0,CP-SAT (FEASIBLE),CP-SAT FEASIBLE no worse than best hybrid seed 0,VALID,854,19.19,809,825,3.52,benchmarks/flexible-jobshop/instances/fjsp/HurinkJurischThole1994/rdata/la21.txt
2026-10-01 13:52:28,la22_rdata,15,10,150,10.0,0.204,0.235,0.997,1.0,0.0,0.723,0.447,1.0,CP-SAT (FEASIBLE),CP-SAT FEASIBLE no worse than best hybrid seed 0,VALID,771,19.64,745,753,2.39,benchmarks/flexible-jobshop/instances/fjsp/HurinkJurischThole1994/rdata/la22.txt
2026-10-01 13:52:47,la23_rdata,15,10,150,10.0,0.204,0.239,0.997,1.0,0.0,0.713,0.427,1.0,CP-SAT (FEASIBLE),CP-SAT FEASIBLE no worse than best hybrid seed 0,VALID,857,19.3,820,831,3.13,benchmarks/flexible-jobshop/instances/fjsp/HurinkJurischThole1994/rdata/la23.txt
2026-10-01 13:53:06,la24_rdata,15,10,150,10.0,0.198,0.259,0.997,1.0,0.0,0.69,0.38,1.0,CP-SAT (FEASIBLE),CP-SAT FEASIBLE no worse than best hybrid seed 0,VALID,826,19.05,780,795,3.9,benchmarks/flexible-jobshop/instances/fjsp/HurinkJurischThole1994/rdata/la24.txt
2026-10-01 13:53:25,la25_rdata,15,10,150,10.0,0.201,0.272,0.996,1.0,0.0,0.72,0.44,1.0,CP-SAT (FEASIBLE),CP-SAT FEASIBLE no worse than best hybrid seed 0,VALID,798,19.01,771,779,2.44,benchmarks/flexible-jobshop/instances/fjsp/HurinkJurischThole1994/rdata/la25.txt
2026-10-01 13:53:50,la26_rdata,20,10,200,10.0,0.196,0.22,0.999,1.0,0.0,0.69,0.38,1.0,CP-SAT (FEASIBLE),CP-SAT FEASIBLE no worse than best hybrid seed 0,VALID,1093,24.56,1056,1057,3.41,benchmarks/flexible-jobshop/instances/fjsp/HurinkJurischThole1994/rdata/la26.txt
2026-10-01 13:54:15,la27_rdata,20,10,200,10.0,0.196,0.209,0.998,1.0,0.0,0.695,0.39,1.0,CP-SAT (FEASIBLE),CP-SAT FEASIBLE no worse than best hybrid seed 0,VALID,1120,24.67,1085,1085,3.23,benchmarks/flexible-jobshop/instances/fjsp/HurinkJurischThole1994/rdata/la27.txt
2026-10-01 13:54:39,la28_rdata,20,10,200,10.0,0.201,0.211,0.998,1.0,0.0,0.708,0.415,1.0,CP-SAT (FEASIBLE),CP-SAT FEASIBLE no worse than best hybrid seed 0,VALID,1120,24.31,1075,1076,4.09,benchmarks/flexible-jobshop/instances/fjsp/HurinkJurischThole1994/rdata/la28.txt
2026-10-01 13:55:04,la29_rdata,20,10,200,10.0,0.2,0.221,0.998,1.0,0.0,0.7,0.4,1.0,CP-SAT (FEASIBLE),CP-SAT FEASIBLE no worse than best hybrid seed 0,VALID,1015,24.78,993,994,2.11,benchmarks/flexible-jobshop/instances/fjsp/HurinkJurischThole1994/rdata/la29.txt
2026-10-01 13:55:29,la30_rdata,20,10,200,10.0,0.196,0.204,0.998,1.0,0.0,0.703,0.405,1.0,CP-SAT (FEASIBLE),CP-SAT FEASIBLE no worse than best hybrid seed 0,VALID,1117,24.83,1068,1071,4.3,benchmarks/flexible-jobshop/instances/fjsp/HurinkJurischThole1994/rdata/la30.txt
2026-10-01 13:56:09,la31_rdata,30,10,300,10.0,0.192,0.16,1.0,1.0,0.0,0.682,0.363,1.0,Hybrid (best of 4 seeds),Best hybrid seed 0 beat CP-SAT FEASIBLE,VALID,1548,40.78,1520,1520,1.84,benchmarks/flexible-jobshop/instances/fjsp/HurinkJurischThole1994/rdata/la31.txt
2026-10-01 13:56:50,la32_rdata,30,10,300,10.0,0.195,0.161,0.999,1.0,0.0,0.682,0.363,1.0,CP-SAT (FEASIBLE),CP-SAT FEASIBLE no worse than best hybrid seed 0,VALID,1682,40.52,1657,1657,1.51,benchmarks/flexible-jobshop/instances/fjsp/HurinkJurischThole1994/rdata/la32.txt
2026-10-01 13:57:31,la33_rdata,30,10,300,10.0,0.194,0.158,0.999,1.0,0.0,0.69,0.38,1.0,CP-SAT (FEASIBLE),CP-SAT FEASIBLE no worse than best hybrid seed 0,VALID,1517,40.67,1497,1497,1.34,benchmarks/flexible-jobshop/instances/fjsp/HurinkJurischThole1994/rdata/la33.txt
2026-10-01 13:58:11,la34_rdata,30,10,300,10.0,0.195,0.158,1.0,1.0,0.0,0.692,0.383,1.0,CP-SAT (FEASIBLE),CP-SAT FEASIBLE no worse than best hybrid seed 0,VALID,1548,40.27,1535,1535,0.85,benchmarks/flexible-jobshop/instances/fjsp/HurinkJurischThole1994/rdata/la34.txt
2026-10-01 13:58:52,la35_rdata,30,10,300,10.0,0.197,0.149,0.999,1.0,0.0,0.683,0.367,1.0,CP-SAT (FEASIBLE),CP-SAT FEASIBLE no worse than best hybrid seed 0,VALID,1567,40.8,1549,1549,1.16,benchmarks/flexible-jobshop/instances/fjsp/HurinkJurischThole1994/rdata/la35.txt
2026-10-01 13:58:53,la36_rdata,15,15,225,15.0,0.13,0.2,0.998,1.0,0.0,0.678,0.356,1.0,CP-SAT (OPTIMAL),CP-SAT OPTIMAL and VALID,VALID,1023,1.66,1023,1023,0.0,benchmarks/flexible-jobshop/instances/fjsp/HurinkJurischThole1994/rdata/la36.txt
2026-10-01 13:59:18,la37_rdata,15,15,225,15.0,0.129,0.211,0.996,1.0,0.0,0.676,0.351,1.0,CP-SAT (FEASIBLE),CP-SAT FEASIBLE no worse than best hybrid seed 0,VALID,1075,24.75,1062,1062,1.22,benchmarks/flexible-jobshop/instances/fjsp/HurinkJurischThole1994/rdata/la37.txt
2026-10-01 13:59:21,la38_rdata,15,15,225,15.0,0.132,0.185,0.997,1.0,0.0,0.671,0.342,1.0,CP-SAT (OPTIMAL),CP-SAT OPTIMAL and VALID,VALID,954,2.36,954,954,0.0,benchmarks/flexible-jobshop/instances/fjsp/HurinkJurischThole1994/rdata/la38.txt
2026-10-01 13:59:44,la39_rdata,15,15,225,15.0,0.129,0.204,0.997,1.0,0.0,0.678,0.356,1.0,CP-SAT (FEASIBLE),CP-SAT FEASIBLE no worse than best hybrid seed 0,VALID,1022,23.91,1011,1011,1.09,benchmarks/flexible-jobshop/instances/fjsp/HurinkJurischThole1994/rdata/la39.txt
2026-10-01 14:00:08,la40_rdata,15,15,225,15.0,0.131,0.197,0.997,1.0,0.0,0.676,0.351,1.0,CP-SAT (FEASIBLE),CP-SAT FEASIBLE no worse than best hybrid seed 0,VALID,962,23.44,955,955,0.73,benchmarks/flexible-jobshop/instances/fjsp/HurinkJurischThole1994/rdata/la40.txt
2026-10-01 14:00:08,orb1_rdata,10,10,100,10.0,0.196,0.337,0.998,1.0,0.0,0.715,0.43,1.0,CP-SAT (OPTIMAL),CP-SAT OPTIMAL and VALID,VALID,746,0.21,746,746,0.0,benchmarks/flexible-jobshop/instances/fjsp/HurinkJurischThole1994/rdata/orb1.txt
2026-10-01 14:00:09,orb10_rdata,10,10,100,10.0,0.198,0.323,0.999,1.0,0.0,0.69,0.38,1.0,CP-SAT (OPTIMAL),CP-SAT OPTIMAL and VALID,VALID,742,0.53,742,742,0.0,benchmarks/flexible-jobshop/instances/fjsp/HurinkJurischThole1994/rdata/orb10.txt
2026-10-01 14:00:09,orb2_rdata,10,10,100,10.0,0.197,0.284,0.996,1.0,0.0,0.715,0.43,1.0,CP-SAT (OPTIMAL),CP-SAT OPTIMAL and VALID,VALID,696,0.29,696,696,0.0,benchmarks/flexible-jobshop/instances/fjsp/HurinkJurischThole1994/rdata/orb2.txt
2026-10-01 14:00:09,orb3_rdata,10,10,100,10.0,0.195,0.308,0.995,1.0,0.0,0.71,0.42,1.0,CP-SAT (OPTIMAL),CP-SAT OPTIMAL and VALID,VALID,712,0.56,712,712,0.0,benchmarks/flexible-jobshop/instances/fjsp/HurinkJurischThole1994/rdata/orb3.txt
2026-10-01 14:00:10,orb4_rdata,10,10,100,10.0,0.194,0.309,0.995,1.0,0.0,0.715,0.43,1.0,CP-SAT (OPTIMAL),CP-SAT OPTIMAL and VALID,VALID,753,0.09,753,753,0.0,benchmarks/flexible-jobshop/instances/fjsp/HurinkJurischThole1994/rdata/orb4.txt
2026-10-01 14:00:10,orb5_rdata,10,10,100,10.0,0.198,0.348,0.999,1.0,0.0,0.69,0.38,1.0,CP-SAT (OPTIMAL),CP-SAT OPTIMAL and VALID,VALID,639,0.44,639,639,0.0,benchmarks/flexible-jobshop/instances/fjsp/HurinkJurischThole1994/rdata/orb5.txt
2026-10-01 14:00:10,orb6_rdata,10,10,100,10.0,0.196,0.321,0.998,1.0,0.0,0.715,0.43,1.0,CP-SAT (OPTIMAL),CP-SAT OPTIMAL and VALID,VALID,754,0.19,754,754,0.0,benchmarks/flexible-jobshop/instances/fjsp/HurinkJurischThole1994/rdata/orb6.txt
2026-10-01 14:00:16,orb7_rdata,10,10,100,10.0,0.197,0.198,0.996,1.0,0.0,0.715,0.43,1.0,Hybrid (best of 4 seeds),CP-SAT returned OPTIMAL or an invalid schedule; best hybrid seed 0,INVALID,389,5.65,302,302,28.81,benchmarks/flexible-jobshop/instances/fjsp/HurinkJurischThole1994/rdata/orb7.txt
2026-10-01 14:00:16,orb8_rdata,10,10,100,10.0,0.195,0.313,0.995,1.0,0.0,0.71,0.42,1.0,CP-SAT (OPTIMAL),CP-SAT OPTIMAL and VALID,VALID,639,0.59,639,639,0.0,benchmarks/flexible-jobshop/instances/fjsp/HurinkJurischThole1994/rdata/orb8.txt
2026-10-01 14:00:17,orb9_rdata,10,10,100,10.0,0.194,0.34,0.995,1.0,0.0,0.715,0.43,1.0,CP-SAT (OPTIMAL),CP-SAT OPTIMAL and VALID,VALID,694,0.2,694,694,0.0,benchmarks/flexible-jobshop/instances/fjsp/HurinkJurischThole1994/rdata/orb9.txt
2026-10-01 14:00:43,abz5_sdata,10,10,100,10.0,0.1,0.42,1.0,1.0,0.0,0.0,0.0,0.0,CP-SAT (OPTIMAL),CP-SAT OPTIMAL and VALID,VALID,1234,0.96,1234,1234,0.0,benchmarks/flexible-jobshop/instances/fjsp/HurinkJurischThole1994/sdata/abz5.txt
2026-10-01 14:00:43,abz6_sdata,10,10,100,10.0,0.1,0.57,1.0,1.0,0.0,0.0,0.0,0.0,CP-SAT (OPTIMAL),CP-SAT OPTIMAL and VALID,VALID,943,0.1,943,943,0.0,benchmarks/flexible-jobshop/instances/fjsp/HurinkJurischThole1994/sdata/abz6.txt
2026-10-01 14:01:16,abz7_sdata,20,15,300,15.0,0.067,0.1,1.0,1.0,0.0,0.0,0.0,0.0,CP-SAT (FEASIBLE),CP-SAT FEASIBLE no worse than best hybrid seed 0,VALID,682,32.63,656,656,3.96,benchmarks/flexible-jobshop/instances/fjsp/HurinkJurischThole1994/sdata/abz7.txt
2026-10-01 14:01:48,abz8_sdata,20,15,300,15.0,0.067,0.1,1.0,1.0,0.0,0.0,0.0,0.0,CP-SAT (FEASIBLE),CP-SAT FEASIBLE no worse than best hybrid seed 0,VALID,684,31.67,667,667,2.55,benchmarks/flexible-jobshop/instances/fjsp/HurinkJurischThole1994/sdata/abz8.txt
2026-10-01 14:02:19,abz9_sdata,20,15,300,15.0,0.067,0.1,1.0,1.0,0.0,0.0,0.0,0.0,CP-SAT (FEASIBLE),CP-SAT FEASIBLE no worse than best hybrid seed 0,VALID,701,31.9,678,678,3.39,benchmarks/flexible-jobshop/instances/fjsp/HurinkJurischThole1994/sdata/abz9.txt
2026-10-01 14:02:20,car1_sdata,11,5,55,5.0,0.2,0.764,1.0,1.0,0.0,0.0,0.0,0.0,CP-SAT (OPTIMAL),CP-SAT OPTIMAL and VALID,VALID,7038,0.05,7038,7038,0.0,benchmarks/flexible-jobshop/instances/fjsp/HurinkJurischThole1994/sdata/car1.txt
2026-10-01 14:02:20,car2_sdata,13,4,52,4.0,0.25,0.846,1.0,1.0,0.0,0.0,0.0,0.0,CP-SAT (OPTIMAL),CP-SAT OPTIMAL and VALID,VALID,7166,0.16,7166,7166,0.0,benchmarks/flexible-jobshop/instances/fjsp/HurinkJurischThole1994/sdata/car2.txt
2026-10-01 14:02:20,car3_sdata,12,5,60,5.0,0.2,0.65,1.0,1.0,0.0,0.0,0.0,0.0,CP-SAT (OPTIMAL),CP-SAT OPTIMAL and VALID,VALID,7312,0.27,7312,7312,0.0,benchmarks/flexible-jobshop/instances/fjsp/HurinkJurischThole1994/sdata/car3.txt
2026-10-01 14:02:20,car4_sdata,14,4,56,4.0,0.25,0.714,1.0,1.0,0.0,0.0,0.0,0.0,CP-SAT (OPTIMAL),CP-SAT OPTIMAL and VALID,VALID,8003,0.11,8003,8003,0.0,benchmarks/flexible-jobshop/instances/fjsp/HurinkJurischThole1994/sdata/car4.txt
2026-10-01 14:02:20,car5_sdata,10,6,60,6.0,0.167,0.783,1.0,1.0,0.0,0.0,0.0,0.0,CP-SAT (OPTIMAL),CP-SAT OPTIMAL and VALID,VALID,7702,0.28,7702,7702,0.0,benchmarks/flexible-jobshop/instances/fjsp/HurinkJurischThole1994/sdata/car5.txt
2026-10-01 14:02:21,car6_sdata,8,9,72,9.0,0.111,0.778,1.0,1.0,0.0,0.0,0.0,0.0,CP-SAT (OPTIMAL),CP-SAT OPTIMAL and VALID,VALID,8313,0.33,8313,8313,0.0,benchmarks/flexible-jobshop/instances/fjsp/HurinkJurischThole1994/sdata/car6.txt
2026-10-01 14:02:21,car7_sdata,7,7,49,7.0,0.143,0.837,1.0,1.0,0.0,0.0,0.0,0.0,CP-SAT (OPTIMAL),CP-SAT OPTIMAL and VALID,VALID,6558,0.06,6558,6558,0.0,benchmarks/flexible-jobshop/instances/fjsp/HurinkJurischThole1994/sdata/car7.txt
2026-10-01 14:02:21,car8_sdata,8,8,64,8.0,0.125,0.516,1.0,1.0,0.0,0.0,0.0,0.0,CP-SAT (OPTIMAL),CP-SAT OPTIMAL and VALID,VALID,8264,0.23,8264,8264,0.0,benchmarks/flexible-jobshop/instances/fjsp/HurinkJurischThole1994/sdata/car8.txt
2026-10-01 14:02:21,ft06_sdata,6,6,36,6.0,0.167,0.25,1.0,1.0,0.0,0.0,0.0,0.0,CP-SAT (OPTIMAL),CP-SAT OPTIMAL and VALID,VALID,55,0.01,55,55,0.0,benchmarks/flexible-jobshop/instances/fjsp/HurinkJurischThole1994/sdata/ft06.txt
2026-10-01 14:02:23,ft10_sdata,10,10,100,10.0,0.1,0.59,1.0,1.0,0.0,0.0,0.0,0.0,CP-SAT (OPTIMAL),CP-SAT OPTIMAL and VALID,VALID,930,1.67,930,930,0.0,benchmarks/flexible-jobshop/instances/fjsp/HurinkJurischThole1994/sdata/ft10.txt
2026-10-01 14:02:23,ft20_sdata,20,5,100,5.0,0.2,0.59,1.0,1.0,0.0,0.0,0.0,0.0,CP-SAT (OPTIMAL),CP-SAT OPTIMAL and VALID,VALID,1165,0.31,1165,1165,0.0,benchmarks/flexible-jobshop/instances/fjsp/HurinkJurischThole1994/sdata/ft20.txt
2026-10-01 14:02:23,la01_sdata,10,5,50,5.0,0.2,0.76,1.0,1.0,0.0,0.0,0.0,0.0,CP-SAT (OPTIMAL),CP-SAT OPTIMAL and VALID,VALID,666,0.01,666,666,0.0,benchmarks/flexible-jobshop/instances/fjsp/HurinkJurischThole1994/sdata/la01.txt
2026-10-01 14:02:23,la02_sdata,10,5,50,5.0,0.2,0.78,1.0,1.0,0.0,0.0,0.0,0.0,CP-SAT (OPTIMAL),CP-SAT OPTIMAL and VALID,VALID,655,0.03,655,655,0.0,benchmarks/flexible-jobshop/instances/fjsp/HurinkJurischThole1994/sdata/la02.txt
2026-10-01 14:02:23,la03_sdata,10,5,50,5.0,0.2,0.78,1.0,1.0,0.0,0.0,0.0,0.0,CP-SAT (OPTIMAL),CP-SAT OPTIMAL and VALID,VALID,597,0.04,597,597,0.0,benchmarks/flexible-jobshop/instances/fjsp/HurinkJurischThole1994/sdata/la03.txt
2026-10-01 14:02:23,la04_sdata,10,5,50,5.0,0.2,0.74,1.0,1.0,0.0,0.0,0.0,0.0,CP-SAT (OPTIMAL),CP-SAT OPTIMAL and VALID,VALID,590,0.04,590,590,0.0,benchmarks/flexible-jobshop/instances/fjsp/HurinkJurischThole1994/sdata/la04.txt
2026-10-01 14:02:23,la05_sdata,10,5,50,5.0,0.2,0.8,1.0,1.0,0.0,0.0,0.0,0.0,CP-SAT (OPTIMAL),CP-SAT OPTIMAL and VALID,VALID,593,0.01,593,593,0.0,benchmarks/flexible-jobshop/instances/fjsp/HurinkJurischThole1994/sdata/la05.txt
2026-10-01 14:02:23,la06_sdata,15,5,75,5.0,0.2,0.68,1.0,1.0,0.0,0.0,0.0,0.0,CP-SAT (OPTIMAL),CP-SAT OPTIMAL and VALID,VALID,926,0.01,926,926,0.0,benchmarks/flexible-jobshop/instances/fjsp/HurinkJurischThole1994/sdata/la06.txt
2026-10-01 14:02:23,la07_sdata,15,5,75,5.0,0.2,0.707,1.0,1.0,0.0,0.0,0.0,0.0,CP-SAT (OPTIMAL),CP-SAT OPTIMAL and VALID,VALID,890,0.02,890,890,0.0,benchmarks/flexible-jobshop/instances/fjsp/HurinkJurischThole1994/sdata/la07.txt
2026-10-01 14:02:23,la08_sdata,15,5,75,5.0,0.2,0.667,1.0,1.0,0.0,0.0,0.0,0.0,CP-SAT (OPTIMAL),CP-SAT OPTIMAL and VALID,VALID,863,0.02,863,863,0.0,benchmarks/flexible-jobshop/instances/fjsp/HurinkJurischThole1994/sdata/la08.txt
2026-10-01 14:02:23,la09_sdata,15,5,75,5.0,0.2,0.653,1.0,1.0,0.0,0.0,0.0,0.0,CP-SAT (OPTIMAL),CP-SAT OPTIMAL and VALID,VALID,951,0.02,951,951,0.0,benchmarks/flexible-jobshop/instances/fjsp/HurinkJurischThole1994/sdata/la09.txt
2026-10-01 14:02:23,la10_sdata,15,5,75,5.0,0.2,0.773,1.0,1.0,0.0,0.0,0.0,0.0,CP-SAT (OPTIMAL),CP-SAT OPTIMAL and VALID,VALID,958,0.01,958,958,0.0,benchmarks/flexible-jobshop/instances/fjsp/HurinkJurischThole1994/sdata/la10.txt
2026-10-01 14:02:23,la11_sdata,20,5,100,5.0,0.2,0.61,1.0,1.0,0.0,0.0,0.0,0.0,CP-SAT (OPTIMAL),CP-SAT OPTIMAL and VALID,VALID,1222,0.02,1222,1222,0.0,benchmarks/flexible-jobshop/instances/fjsp/HurinkJurischThole1994/sdata/la11.txt
2026-10-01 14:02:23,la12_sdata,20,5,100,5.0,0.2,0.57,1.0,1.0,0.0,0.0,0.0,0.0,CP-SAT (OPTIMAL),CP-SAT OPTIMAL and VALID,VALID,1039,0.04,1039,1039,0.0,benchmarks/flexible-jobshop/instances/fjsp/HurinkJurischThole1994/sdata/la12.txt
2026-10-01 14:02:23,la13_sdata,20,5,100,5.0,0.2,0.61,1.0,1.0,0.0,0.0,0.0,0.0,CP-SAT (OPTIMAL),CP-SAT OPTIMAL and VALID,VALID,1150,0.01,1150,1150,0.0,benchmarks/flexible-jobshop/instances/fjsp/HurinkJurischThole1994/sdata/la13.txt
2026-10-01 14:02:23,la14_sdata,20,5,100,5.0,0.2,0.65,1.0,1.0,0.0,0.0,0.0,0.0,CP-SAT (OPTIMAL),CP-SAT OPTIMAL and VALID,VALID,1292,0.01,1292,1292,0.0,benchmarks/flexible-jobshop/instances/fjsp/HurinkJurischThole1994/sdata/la14.txt
2026-10-01 14:02:23,la15_sdata,20,5,100,5.0,0.2,0.66,1.0,1.0,0.0,0.0,0.0,0.0,CP-SAT (OPTIMAL),CP-SAT OPTIMAL and VALID,VALID,1207,0.06,1207,1207,0.0,benchmarks/flexible-jobshop/instances/fjsp/HurinkJurischThole1994/sdata/la15.txt
2026-10-01 14:02:24,la16_sdata,10,10,100,10.0,0.1,0.61,1.0,1.0,0.0,0.0,0.0,0.0,CP-SAT (OPTIMAL),CP-SAT OPTIMAL and VALID,VALID,945,0.17,945,945,0.0,benchmarks/flexible-jobshop/instances/fjsp/HurinkJurischThole1994/sdata/la16.txt
2026-10-01 14:02:24,la17_sdata,10,10,100,10.0,0.1,0.57,1.0,1.0,0.0,0.0,0.0,0.0,CP-SAT (OPTIMAL),CP-SAT OPTIMAL and VALID,VALID,784,0.06,784,784,0.0,benchmarks/flexible-jobshop/instances/fjsp/HurinkJurischThole1994/sdata/la17.txt
2026-10-01 14:02:24,la18_sdata,10,10,100,10.0,0.1,0.61,1.0,1.0,0.0,0.0,0.0,0.0,CP-SAT (OPTIMAL),CP-SAT OPTIMAL and VALID,VALID,848,0.1,848,848,0.0,benchmarks/flexible-jobshop/instances/fjsp/HurinkJurischThole1994/sdata/la18.txt
2026-10-01 14:02:24,la19_sdata,10,10,100,10.0,0.1,0.65,1.0,1.0,0.0,0.0,0.0,0.0,CP-SAT (OPTIMAL),CP-SAT OPTIMAL and VALID,VALID,842,0.51,842,842,0.0,benchmarks/flexible-jobshop/instances/fjsp/HurinkJurischThole1994/sdata/la19.txt
2026-10-01 14:02:24,la20_sdata,10,10,100,10.0,0.1,0.66,1.0,1.0,0.0,0.0,0.0,0.0,CP-SAT (OPTIMAL),CP-SAT OPTIMAL and VALID,VALID,902,0.15,902,902,0.0,benchmarks/flexible-jobshop/instances/fjsp/HurinkJurischThole1994/sdata/la20.txt
2026-10-01 14:02:43,la21_sdata,15,10,150,10.0,0.1,0.493,1.0,1.0,0.0,0.0,0.0,0.0,CP-SAT (FEASIBLE),CP-SAT FEASIBLE no worse than best hybrid seed 0,VALID,1046,18.93,1046,1046,0.0,benchmarks/flexible-jobshop/instances/fjsp/HurinkJurischThole1994/sdata/la21.txt
2026-10-01 14:02:45,la22_sdata,15,10,150,10.0,0.1,0.48,1.0,1.0,0.0,0.0,0.0,0.0,CP-SAT (OPTIMAL),CP-SAT OPTIMAL and VALID,VALID,927,1.26,927,927,0.0,benchmarks/flexible-jobshop/instances/fjsp/HurinkJurischThole1994/sdata/la22.txt
2026-10-01 14:02:45,la23_sdata,15,10,150,10.0,0.1,0.487,1.0,1.0,0.0,0.0,0.0,0.0,CP-SAT (OPTIMAL),CP-SAT OPTIMAL and VALID,VALID,1032,0.19,1032,1032,0.0,benchmarks/flexible-jobshop/instances/fjsp/HurinkJurischThole1994/sdata/la23.txt
2026-10-01 14:02:52,la24_sdata,15,10,150,10.0,0.1,0.513,1.0,1.0,0.0,0.0,0.0,0.0,CP-SAT (OPTIMAL),CP-SAT OPTIMAL and VALID,VALID,935,6.77,935,935,0.0,benchmarks/flexible-jobshop/instances/fjsp/HurinkJurischThole1994/sdata/la24.txt
2026-10-01 14:03:11,la25_sdata,15,10,150,10.0,0.1,0.547,1.0,1.0,0.0,0.0,0.0,0.0,CP-SAT (FEASIBLE),CP-SAT FEASIBLE no worse than best hybrid seed 0,VALID,977,19.15,977,977,0.0,benchmarks/flexible-jobshop/instances/fjsp/HurinkJurischThole1994/sdata/la25.txt
2026-10-01 14:03:11,la26_sdata,20,10,200,10.0,0.1,0.43,1.0,1.0,0.0,0.0,0.0,0.0,CP-SAT (OPTIMAL),CP-SAT OPTIMAL and VALID,VALID,1218,0.84,1218,1218,0.0,benchmarks/flexible-jobshop/instances/fjsp/HurinkJurischThole1994/sdata/la26.txt
2026-10-01 14:03:15,la27_sdata,20,10,200,10.0,0.1,0.41,1.0,1.0,0.0,0.0,0.0,0.0,CP-SAT (OPTIMAL),CP-SAT OPTIMAL and VALID,VALID,1235,3.17,1235,1235,0.0,benchmarks/flexible-jobshop/instances/fjsp/HurinkJurischThole1994/sdata/la27.txt
2026-10-01 14:03:16,la28_sdata,20,10,200,10.0,0.1,0.425,1.0,1.0,0.0,0.0,0.0,0.0,CP-SAT (OPTIMAL),CP-SAT OPTIMAL and VALID,VALID,1216,0.84,1216,1216,0.0,benchmarks/flexible-jobshop/instances/fjsp/HurinkJurischThole1994/sdata/la28.txt
2026-10-01 14:03:40,la29_sdata,20,10,200,10.0,0.1,0.44,1.0,1.0,0.0,0.0,0.0,0.0,CP-SAT (FEASIBLE),CP-SAT FEASIBLE no worse than best hybrid seed 0,VALID,1177,24.66,1152,1152,2.17,benchmarks/flexible-jobshop/instances/fjsp/HurinkJurischThole1994/sdata/la29.txt
2026-10-01 14:03:41,la30_sdata,20,10,200,10.0,0.1,0.4,1.0,1.0,0.0,0.0,0.0,0.0,CP-SAT (OPTIMAL),CP-SAT OPTIMAL and VALID,VALID,1355,0.41,1355,1355,0.0,benchmarks/flexible-jobshop/instances/fjsp/HurinkJurischThole1994/sdata/la30.txt
2026-10-01 14:03:41,la31_sdata,30,10,300,10.0,0.1,0.307,1.0,1.0,0.0,0.0,0.0,0.0,CP-SAT (OPTIMAL),CP-SAT OPTIMAL and VALID,VALID,1784,0.58,1784,1784,0.0,benchmarks/flexible-jobshop/instances/fjsp/HurinkJurischThole1994/sdata/la31.txt
2026-10-01 14:03:41,la32_sdata,30,10,300,10.0,0.1,0.313,1.0,1.0,0.0,0.0,0.0,0.0,CP-SAT (OPTIMAL),CP-SAT OPTIMAL and VALID,VALID,1850,0.1,1850,1850,0.0,benchmarks/flexible-jobshop/instances/fjsp/HurinkJurischThole1994/sdata/la32.txt
2026-10-01 14:03:42,la33_sdata,30,10,300,10.0,0.1,0.307,1.0,1.0,0.0,0.0,0.0,0.0,CP-SAT (OPTIMAL),CP-SAT OPTIMAL and VALID,VALID,1719,0.48,1719,1719,0.0,benchmarks/flexible-jobshop/instances/fjsp/HurinkJurischThole1994/sdata/la33.txt
2026-10-01 14:03:43,la34_sdata,30,10,300,10.0,0.1,0.307,1.0,1.0,0.0,0.0,0.0,0.0,CP-SAT (OPTIMAL),CP-SAT OPTIMAL and VALID,VALID,1721,1.51,1721,1721,0.0,benchmarks/flexible-jobshop/instances/fjsp/HurinkJurischThole1994/sdata/la34.txt
2026-10-01 14:03:43,la35_sdata,30,10,300,10.0,0.1,0.293,1.0,1.0,0.0,0.0,0.0,0.0,CP-SAT (OPTIMAL),CP-SAT OPTIMAL and VALID,VALID,1888,0.23,1888,1888,0.0,benchmarks/flexible-jobshop/instances/fjsp/HurinkJurischThole1994/sdata/la35.txt
2026-10-01 14:03:47,la36_sdata,15,15,225,15.0,0.067,0.391,1.0,1.0,0.0,0.0,0.0,0.0,CP-SAT (OPTIMAL),CP-SAT OPTIMAL and VALID,VALID,1268,3.16,1268,1268,0.0,benchmarks/flexible-jobshop/instances/fjsp/HurinkJurischThole1994/sdata/la36.txt
2026-10-01 14:03:48,la37_sdata,15,15,225,15.0,0.067,0.409,1.0,1.0,0.0,0.0,0.0,0.0,CP-SAT (OPTIMAL),CP-SAT OPTIMAL and VALID,VALID,1397,0.91,1397,1397,0.0,benchmarks/flexible-jobshop/instances/fjsp/HurinkJurischThole1994/sdata/la37.txt
2026-10-01 14:04:11,la38_sdata,15,15,225,15.0,0.067,0.364,1.0,1.0,0.0,0.0,0.0,0.0,CP-SAT (FEASIBLE),CP-SAT FEASIBLE no worse than best hybrid seed 0,VALID,1196,23.37,1196,1196,0.0,benchmarks/flexible-jobshop/instances/fjsp/HurinkJurischThole1994/sdata/la38.txt
2026-10-01 14:04:12,la39_sdata,15,15,225,15.0,0.067,0.396,1.0,1.0,0.0,0.0,0.0,0.0,CP-SAT (OPTIMAL),CP-SAT OPTIMAL and VALID,VALID,1233,1.51,1233,1233,0.0,benchmarks/flexible-jobshop/instances/fjsp/HurinkJurischThole1994/sdata/la39.txt
2026-10-01 14:04:21,la40_sdata,15,15,225,15.0,0.067,0.387,1.0,1.0,0.0,0.0,0.0,0.0,CP-SAT (OPTIMAL),CP-SAT OPTIMAL and VALID,VALID,1222,8.31,1222,1222,0.0,benchmarks/flexible-jobshop/instances/fjsp/HurinkJurischThole1994/sdata/la40.txt
2026-10-01 14:04:29,orb1_sdata,10,10,100,10.0,0.1,0.66,1.0,1.0,0.0,0.0,0.0,0.0,CP-SAT (OPTIMAL),CP-SAT OPTIMAL and VALID,VALID,1059,8.42,1059,1059,0.0,benchmarks/flexible-jobshop/instances/fjsp/HurinkJurischThole1994/sdata/orb1.txt
2026-10-01 14:04:30,orb10_sdata,10,10,100,10.0,0.1,0.64,1.0,1.0,0.0,0.0,0.0,0.0,CP-SAT (OPTIMAL),CP-SAT OPTIMAL and VALID,VALID,944,0.47,944,944,0.0,benchmarks/flexible-jobshop/instances/fjsp/HurinkJurischThole1994/sdata/orb10.txt
2026-10-01 14:04:30,orb2_sdata,10,10,100,10.0,0.1,0.56,1.0,1.0,0.0,0.0,0.0,0.0,CP-SAT (OPTIMAL),CP-SAT OPTIMAL and VALID,VALID,888,0.53,888,888,0.0,benchmarks/flexible-jobshop/instances/fjsp/HurinkJurischThole1994/sdata/orb2.txt
2026-10-01 14:04:38,orb3_sdata,10,10,100,10.0,0.1,0.6,1.0,1.0,0.0,0.0,0.0,0.0,CP-SAT (OPTIMAL),CP-SAT OPTIMAL and VALID,VALID,1005,7.81,1005,1005,0.0,benchmarks/flexible-jobshop/instances/fjsp/HurinkJurischThole1994/sdata/orb3.txt
2026-10-01 14:04:39,orb4_sdata,10,10,100,10.0,0.1,0.6,1.0,1.0,0.0,0.0,0.0,0.0,CP-SAT (OPTIMAL),CP-SAT OPTIMAL and VALID,VALID,1005,1.07,1005,1005,0.0,benchmarks/flexible-jobshop/instances/fjsp/HurinkJurischThole1994/sdata/orb4.txt
2026-10-01 14:04:40,orb5_sdata,10,10,100,10.0,0.1,0.69,1.0,1.0,0.0,0.0,0.0,0.0,CP-SAT (OPTIMAL),CP-SAT OPTIMAL and VALID,VALID,887,0.94,887,887,0.0,benchmarks/flexible-jobshop/instances/fjsp/HurinkJurischThole1994/sdata/orb5.txt
2026-10-01 14:04:44,orb6_sdata,10,10,100,10.0,0.1,0.63,1.0,1.0,0.0,0.0,0.0,0.0,CP-SAT (OPTIMAL),CP-SAT OPTIMAL and VALID,VALID,1010,3.54,1010,1010,0.0,benchmarks/flexible-jobshop/instances/fjsp/HurinkJurischThole1994/sdata/orb6.txt
2026-10-01 14:04:50,orb7_sdata,10,10,100,10.0,0.1,0.39,1.0,1.0,0.0,0.0,0.0,0.0,Hybrid (best of 4 seeds),CP-SAT returned OPTIMAL or an invalid schedule; best hybrid seed 2,INVALID,449,6.17,397,397,13.1,benchmarks/flexible-jobshop/instances/fjsp/HurinkJurischThole1994/sdata/orb7.txt
2026-10-01 14:04:50,orb8_sdata,10,10,100,10.0,0.1,0.61,1.0,1.0,0.0,0.0,0.0,0.0,CP-SAT (OPTIMAL),CP-SAT OPTIMAL and VALID,VALID,899,0.12,899,899,0.0,benchmarks/flexible-jobshop/instances/fjsp/HurinkJurischThole1994/sdata/orb8.txt
2026-10-01 14:04:50,orb9_sdata,10,10,100,10.0,0.1,0.66,1.0,1.0,0.0,0.0,0.0,0.0,CP-SAT (OPTIMAL),CP-SAT OPTIMAL and VALID,VALID,934,0.28,934,934,0.0,benchmarks/flexible-jobshop/instances/fjsp/HurinkJurischThole1994/sdata/orb9.txt
2026-10-01 14:05:21,abz5_vdata,10,10,100,10.0,0.467,0.09,0.996,1.0,0.0,0.895,0.79,1.0,CP-SAT (OPTIMAL),CP-SAT OPTIMAL and VALID,VALID,859,0.52,859,859,0.0,benchmarks/flexible-jobshop/instances/fjsp/HurinkJurischThole1994/vdata/abz5.txt
2026-10-01 14:05:21,abz6_vdata,10,10,100,10.0,0.429,0.133,0.998,1.0,0.0,0.885,0.77,1.0,CP-SAT (OPTIMAL),CP-SAT OPTIMAL and VALID,VALID,742,0.14,742,742,0.0,benchmarks/flexible-jobshop/instances/fjsp/HurinkJurischThole1994/vdata/abz6.txt
2026-10-01 14:06:00,abz7_vdata,20,15,300,15.0,0.434,0.015,0.999,1.0,0.0,0.902,0.803,1.0,CP-SAT (FEASIBLE),CP-SAT FEASIBLE no worse than best hybrid seed 0,VALID,498,38.99,492,492,1.22,benchmarks/flexible-jobshop/instances/fjsp/HurinkJurischThole1994/vdata/abz7.txt
2026-10-01 14:06:39,abz8_vdata,20,15,300,15.0,0.438,0.015,0.999,1.0,0.0,0.925,0.85,1.0,CP-SAT (FEASIBLE),CP-SAT FEASIBLE no worse than best hybrid seed 0,VALID,513,39.1,506,507,1.18,benchmarks/flexible-jobshop/instances/fjsp/HurinkJurischThole1994/vdata/abz8.txt
2026-10-01 14:07:18,abz9_vdata,20,15,300,15.0,0.443,0.015,1.0,1.0,0.0,0.92,0.84,1.0,CP-SAT (FEASIBLE),CP-SAT FEASIBLE no worse than best hybrid seed 0,VALID,502,38.86,497,497,1.01,benchmarks/flexible-jobshop/instances/fjsp/HurinkJurischThole1994/vdata/abz9.txt
2026-10-01 14:07:23,car1_vdata,11,5,55,5.0,0.549,0.278,0.999,1.0,0.0,0.764,0.527,1.0,CP-SAT (OPTIMAL),CP-SAT OPTIMAL and VALID,VALID,5005,5.16,5005,5005,0.0,benchmarks/flexible-jobshop/instances/fjsp/HurinkJurischThole1994/vdata/car1.txt
2026-10-01 14:07:24,car2_vdata,13,4,52,4.0,0.572,0.37,0.999,1.0,0.0,0.788,0.577,1.0,CP-SAT (OPTIMAL),CP-SAT OPTIMAL and VALID,VALID,5929,0.67,5929,5929,0.0,benchmarks/flexible-jobshop/instances/fjsp/HurinkJurischThole1994/vdata/car2.txt
2026-10-01 14:07:37,car3_vdata,12,5,60,5.0,0.52,0.25,0.997,1.0,0.0,0.8,0.6,1.0,CP-SAT (FEASIBLE),CP-SAT FEASIBLE no worse than best hybrid seed 0,VALID,5604,13.68,5597,5597,0.13,benchmarks/flexible-jobshop/instances/fjsp/HurinkJurischThole1994/vdata/car3.txt
2026-10-01 14:07:38,car4_vdata,14,4,56,4.0,0.522,0.342,0.999,1.0,0.0,0.741,0.482,1.0,CP-SAT (OPTIMAL),CP-SAT OPTIMAL and VALID,VALID,6514,0.9,6514,6514,0.0,benchmarks/flexible-jobshop/instances/fjsp/HurinkJurischThole1994/vdata/car4.txt
2026-10-01 14:07:52,car5_vdata,10,6,60,6.0,0.472,0.276,0.998,1.0,0.0,0.725,0.45,1.0,CP-SAT (FEASIBLE),CP-SAT FEASIBLE no worse than best hybrid seed 0,VALID,4926,13.32,4909,4909,0.35,benchmarks/flexible-jobshop/instances/fjsp/HurinkJurischThole1994/vdata/car5.txt
2026-10-01 14:07:52,car6_vdata,8,9,72,9.0,0.454,0.19,0.997,1.0,0.0,0.882,0.764,1.0,CP-SAT (OPTIMAL),CP-SAT OPTIMAL and VALID,VALID,5486,0.08,5486,5486,0.0,benchmarks/flexible-jobshop/instances/fjsp/HurinkJurischThole1994/vdata/car6.txt
2026-10-01 14:07:52,car7_vdata,7,7,49,7.0,0.493,0.243,0.996,1.0,0.0,0.755,0.51,1.0,CP-SAT (OPTIMAL),CP-SAT OPTIMAL and VALID,VALID,4281,0.08,4281,4281,0.0,benchmarks/flexible-jobshop/instances/fjsp/HurinkJurischThole1994/vdata/car7.txt
2026-10-01 14:07:52,car8_vdata,8,8,64,8.0,0.496,0.13,1.0,1.0,0.0,0.891,0.781,1.0,CP-SAT (OPTIMAL),CP-SAT OPTIMAL and VALID,VALID,4613,0.11,4613,4613,0.0,benchmarks/flexible-jobshop/instances/fjsp/HurinkJurischThole1994/vdata/car8.txt
2026-10-01 14:07:52,ft06_vdata,6,6,36,6.0,0.477,0.087,0.993,1.0,0.0,0.722,0.444,1.0,CP-SAT (OPTIMAL),CP-SAT OPTIMAL and VALID,VALID,47,0.01,47,47,0.0,benchmarks/flexible-jobshop/instances/fjsp/HurinkJurischThole1994/vdata/ft06.txt
2026-10-01 14:07:52,ft10_vdata,10,10,100,10.0,0.448,0.132,0.998,1.0,0.0,0.87,0.74,1.0,CP-SAT (OPTIMAL),CP-SAT OPTIMAL and VALID,VALID,655,0.11,655,655,0.0,benchmarks/flexible-jobshop/instances/fjsp/HurinkJurischThole1994/vdata/ft10.txt
2026-10-01 14:07:54,ft20_vdata,20,5,100,5.0,0.524,0.225,0.999,1.0,0.0,0.765,0.53,1.0,CP-SAT (OPTIMAL),CP-SAT OPTIMAL and VALID,VALID,1022,2.29,1022,1022,0.0,benchmarks/flexible-jobshop/instances/fjsp/HurinkJurischThole1994/vdata/ft20.txt
2026-10-01 14:08:01,la01_vdata,10,5,50,5.0,0.568,0.268,0.999,1.0,0.0,0.81,0.62,1.0,CP-SAT (OPTIMAL),CP-SAT OPTIMAL and VALID,VALID,570,7.07,570,570,0.0,benchmarks/flexible-jobshop/instances/fjsp/HurinkJurischThole1994/vdata/la01.txt
2026-10-01 14:08:02,la02_vdata,10,5,50,5.0,0.536,0.291,0.999,1.0,0.0,0.79,0.58,1.0,CP-SAT (OPTIMAL),CP-SAT OPTIMAL and VALID,VALID,529,0.28,529,529,0.0,benchmarks/flexible-jobshop/instances/fjsp/HurinkJurischThole1994/vdata/la02.txt
2026-10-01 14:08:02,la03_vdata,10,5,50,5.0,0.512,0.305,0.995,1.0,0.0,0.74,0.48,1.0,CP-SAT (OPTIMAL),CP-SAT OPTIMAL and VALID,VALID,477,0.56,477,477,0.0,benchmarks/flexible-jobshop/instances/fjsp/HurinkJurischThole1994/vdata/la03.txt
2026-10-01 14:08:03,la04_vdata,10,5,50,5.0,0.476,0.311,0.997,1.0,0.0,0.74,0.48,1.0,CP-SAT (OPTIMAL),CP-SAT OPTIMAL and VALID,VALID,502,0.35,502,502,0.0,benchmarks/flexible-jobshop/instances/fjsp/HurinkJurischThole1994/vdata/la04.txt
2026-10-01 14:08:03,la05_vdata,10,5,50,5.0,0.476,0.336,0.992,1.0,0.0,0.77,0.54,1.0,CP-SAT (OPTIMAL),CP-SAT OPTIMAL and VALID,VALID,457,0.41,457,457,0.0,benchmarks/flexible-jobshop/instances/fjsp/HurinkJurischThole1994/vdata/la05.txt
2026-10-01 14:08:03,la06_vdata,15,5,75,5.0,0.485,0.28,0.995,1.0,0.0,0.767,0.533,1.0,CP-SAT (OPTIMAL),CP-SAT OPTIMAL and VALID,VALID,799,0.35,799,799,0.0,benchmarks/flexible-jobshop/instances/fjsp/HurinkJurischThole1994/vdata/la06.txt
2026-10-01 14:08:05,la07_vdata,15,5,75,5.0,0.485,0.291,0.997,1.0,0.0,0.753,0.507,1.0,CP-SAT (OPTIMAL),CP-SAT OPTIMAL and VALID,VALID,749,1.4,749,749,0.0,benchmarks/flexible-jobshop/instances/fjsp/HurinkJurischThole1994/vdata/la07.txt
2026-10-01 14:08:05,la08_vdata,15,5,75,5.0,0.517,0.258,1.0,1.0,0.0,0.753,0.507,1.0,CP-SAT (OPTIMAL),CP-SAT OPTIMAL and VALID,VALID,765,0.49,765,765,0.0,benchmarks/flexible-jobshop/instances/fjsp/HurinkJurischThole1994/vdata/la08.txt
2026-10-01 14:08:06,la09_vdata,15,5,75,5.0,0.507,0.258,0.999,1.0,0.0,0.773,0.547,1.0,CP-SAT (OPTIMAL),CP-SAT OPTIMAL and VALID,VALID,853,0.45,853,853,0.0,benchmarks/flexible-jobshop/instances/fjsp/HurinkJurischThole1994/vdata/la09.txt
2026-10-01 14:08:06,la10_vdata,15,5,75,5.0,0.533,0.29,0.999,1.0,0.0,0.76,0.52,1.0,CP-SAT (OPTIMAL),CP-SAT OPTIMAL and VALID,VALID,804,0.2,804,804,0.0,benchmarks/flexible-jobshop/instances/fjsp/HurinkJurischThole1994/vdata/la10.txt
2026-10-01 14:08:06,la11_vdata,20,5,100,5.0,0.506,0.241,0.998,1.0,0.0,0.75,0.5,1.0,CP-SAT (OPTIMAL),CP-SAT OPTIMAL and VALID,VALID,1071,0.41,1071,1071,0.0,benchmarks/flexible-jobshop/instances/fjsp/HurinkJurischThole1994/vdata/la11.txt
2026-10-01 14:08:07,la12_vdata,20,5,100,5.0,0.496,0.23,0.999,1.0,0.0,0.73,0.46,1.0,CP-SAT (OPTIMAL),CP-SAT OPTIMAL and VALID,VALID,936,0.95,936,936,0.0,benchmarks/flexible-jobshop/instances/fjsp/HurinkJurischThole1994/vdata/la12.txt
2026-10-01 14:08:08,la13_vdata,20,5,100,5.0,0.49,0.249,0.999,1.0,0.0,0.735,0.47,1.0,CP-SAT (OPTIMAL),CP-SAT OPTIMAL and VALID,VALID,1038,0.4,1038,1038,0.0,benchmarks/flexible-jobshop/instances/fjsp/HurinkJurischThole1994/vdata/la13.txt
2026-10-01 14:08:08,la14_vdata,20,5,100,5.0,0.488,0.266,0.999,1.0,0.0,0.73,0.46,1.0,CP-SAT (OPTIMAL),CP-SAT OPTIMAL and VALID,VALID,1070,0.71,1070,1070,0.0,benchmarks/flexible-jobshop/instances/fjsp/HurinkJurischThole1994/vdata/la14.txt
2026-10-01 14:08:09,la15_vdata,20,5,100,5.0,0.526,0.251,0.999,1.0,0.0,0.76,0.52,1.0,CP-SAT (OPTIMAL),CP-SAT OPTIMAL and VALID,VALID,1089,1.09,1089,1089,0.0,benchmarks/flexible-jobshop/instances/fjsp/HurinkJurischThole1994/vdata/la15.txt
2026-10-01 14:08:10,la16_vdata,10,10,100,10.0,0.47,0.13,0.998,1.0,0.0,0.875,0.75,1.0,CP-SAT (OPTIMAL),CP-SAT OPTIMAL and VALID,VALID,717,0.21,717,717,0.0,benchmarks/flexible-jobshop/instances/fjsp/HurinkJurischThole1994/vdata/la16.txt
2026-10-01 14:08:10,la17_vdata,10,10,100,10.0,0.479,0.119,0.999,1.0,0.0,0.845,0.69,1.0,CP-SAT (OPTIMAL),CP-SAT OPTIMAL and VALID,VALID,646,0.1,646,646,0.0,benchmarks/flexible-jobshop/instances/fjsp/HurinkJurischThole1994/vdata/la17.txt
2026-10-01 14:08:10,la18_vdata,10,10,100,10.0,0.479,0.127,0.999,1.0,0.0,0.845,0.69,1.0,CP-SAT (OPTIMAL),CP-SAT OPTIMAL and VALID,VALID,663,0.08,663,663,0.0,benchmarks/flexible-jobshop/instances/fjsp/HurinkJurischThole1994/vdata/la18.txt
2026-10-01 14:08:10,la19_vdata,10,10,100,10.0,0.48,0.135,0.997,1.0,0.0,0.825,0.65,1.0,CP-SAT (OPTIMAL),CP-SAT OPTIMAL and VALID,VALID,617,0.24,617,617,0.0,benchmarks/flexible-jobshop/instances/fjsp/HurinkJurischThole1994/vdata/la19.txt
2026-10-01 14:08:10,la20_vdata,10,10,100,10.0,0.487,0.136,0.997,1.0,0.0,0.83,0.66,1.0,CP-SAT (OPTIMAL),CP-SAT OPTIMAL and VALID,VALID,756,0.12,756,756,0.0,benchmarks/flexible-jobshop/instances/fjsp/HurinkJurischThole1994/vdata/la20.txt
2026-10-01 14:08:31,la21_vdata,15,10,150,10.0,0.477,0.103,0.998,1.0,0.0,0.857,0.713,1.0,CP-SAT (FEASIBLE),CP-SAT FEASIBLE no worse than best hybrid seed 0,VALID,806,20.95,800,800,0.75,benchmarks/flexible-jobshop/instances/fjsp/HurinkJurischThole1994/vdata/la21.txt
2026-10-01 14:08:52,la22_vdata,15,10,150,10.0,0.451,0.106,1.0,1.0,0.0,0.857,0.713,1.0,CP-SAT (FEASIBLE),CP-SAT FEASIBLE no worse than best hybrid seed 0,VALID,744,21.16,733,733,1.5,benchmarks/flexible-jobshop/instances/fjsp/HurinkJurischThole1994/vdata/la22.txt
2026-10-01 14:09:13,la23_vdata,15,10,150,10.0,0.453,0.107,0.999,1.0,0.0,0.853,0.707,1.0,CP-SAT (FEASIBLE),CP-SAT FEASIBLE no worse than best hybrid seed 0,VALID,819,21.01,809,809,1.24,benchmarks/flexible-jobshop/instances/fjsp/HurinkJurischThole1994/vdata/la23.txt
2026-10-01 14:09:34,la24_vdata,15,10,150,10.0,0.485,0.106,0.999,1.0,0.0,0.89,0.78,1.0,CP-SAT (FEASIBLE),CP-SAT FEASIBLE no worse than best hybrid seed 0,VALID,778,20.93,773,773,0.65,benchmarks/flexible-jobshop/instances/fjsp/HurinkJurischThole1994/vdata/la24.txt
2026-10-01 14:09:55,la25_vdata,15,10,150,10.0,0.483,0.113,0.999,1.0,0.0,0.893,0.787,1.0,CP-SAT (FEASIBLE),CP-SAT FEASIBLE no worse than best hybrid seed 0,VALID,763,21.09,751,751,1.6,benchmarks/flexible-jobshop/instances/fjsp/HurinkJurischThole1994/vdata/la25.txt
2026-10-01 14:10:23,la26_vdata,20,10,200,10.0,0.459,0.094,0.999,1.0,0.0,0.823,0.645,1.0,CP-SAT (FEASIBLE),CP-SAT FEASIBLE no worse than best hybrid seed 0,VALID,1054,27.19,1052,1052,0.19,benchmarks/flexible-jobshop/instances/fjsp/HurinkJurischThole1994/vdata/la26.txt
2026-10-01 14:10:50,la27_vdata,20,10,200,10.0,0.458,0.09,0.998,1.0,0.0,0.828,0.655,1.0,CP-SAT (FEASIBLE),CP-SAT FEASIBLE no worse than best hybrid seed 0,VALID,1086,27.32,1084,1084,0.18,benchmarks/flexible-jobshop/instances/fjsp/HurinkJurischThole1994/vdata/la27.txt
2026-10-01 14:11:18,la28_vdata,20,10,200,10.0,0.449,0.095,0.999,1.0,0.0,0.85,0.7,1.0,CP-SAT (FEASIBLE),CP-SAT FEASIBLE no worse than best hybrid seed 0,VALID,1074,27.87,1069,1069,0.47,benchmarks/flexible-jobshop/instances/fjsp/HurinkJurischThole1994/vdata/la28.txt
2026-10-01 14:11:45,la29_vdata,20,10,200,10.0,0.441,0.1,0.999,1.0,0.0,0.847,0.695,1.0,CP-SAT (FEASIBLE),CP-SAT FEASIBLE no worse than best hybrid seed 0,VALID,996,27.48,993,993,0.3,benchmarks/flexible-jobshop/instances/fjsp/HurinkJurischThole1994/vdata/la29.txt
2026-10-01 14:12:13,la30_vdata,20,10,200,10.0,0.465,0.086,0.999,1.0,0.0,0.86,0.72,1.0,CP-SAT (FEASIBLE),CP-SAT FEASIBLE no worse than best hybrid seed 0,VALID,1073,27.99,1068,1068,0.47,benchmarks/flexible-jobshop/instances/fjsp/HurinkJurischThole1994/vdata/la30.txt
2026-10-01 14:12:18,la31_vdata,30,10,300,10.0,0.46,0.067,1.0,1.0,0.0,0.842,0.683,1.0,CP-SAT (OPTIMAL),CP-SAT OPTIMAL and VALID,VALID,1520,5.17,1520,1520,0.0,benchmarks/flexible-jobshop/instances/fjsp/HurinkJurischThole1994/vdata/la31.txt
2026-10-01 14:13:05,la32_vdata,30,10,300,10.0,0.454,0.069,1.0,1.0,0.0,0.86,0.72,1.0,CP-SAT (FEASIBLE),CP-SAT FEASIBLE no worse than best hybrid seed 0,VALID,1660,46.71,1657,1657,0.18,benchmarks/flexible-jobshop/instances/fjsp/HurinkJurischThole1994/vdata/la32.txt
2026-10-01 14:13:52,la33_vdata,30,10,300,10.0,0.451,0.068,1.0,1.0,0.0,0.848,0.697,1.0,CP-SAT (FEASIBLE),CP-SAT FEASIBLE no worse than best hybrid seed 0,VALID,1499,46.42,1497,1497,0.13,benchmarks/flexible-jobshop/instances/fjsp/HurinkJurischThole1994/vdata/la33.txt
2026-10-01 14:14:38,la34_vdata,30,10,300,10.0,0.462,0.066,1.0,1.0,0.0,0.863,0.727,1.0,CP-SAT (FEASIBLE),CP-SAT FEASIBLE no worse than best hybrid seed 0,VALID,1538,46.71,1535,1535,0.2,benchmarks/flexible-jobshop/instances/fjsp/HurinkJurischThole1994/vdata/la34.txt
2026-10-01 14:15:24,la35_vdata,30,10,300,10.0,0.465,0.063,1.0,1.0,0.0,0.832,0.663,1.0,CP-SAT (FEASIBLE),CP-SAT FEASIBLE no worse than best hybrid seed 0,VALID,1552,46.12,1549,1549,0.19,benchmarks/flexible-jobshop/instances/fjsp/HurinkJurischThole1994/vdata/la35.txt
2026-10-01 14:15:25,la36_vdata,15,15,225,15.0,0.447,0.058,0.999,1.0,0.0,0.902,0.804,1.0,CP-SAT (OPTIMAL),CP-SAT OPTIMAL and VALID,VALID,948,1.08,948,948,0.0,benchmarks/flexible-jobshop/instances/fjsp/HurinkJurischThole1994/vdata/la36.txt
2026-10-01 14:15:26,la37_vdata,15,15,225,15.0,0.442,0.062,0.999,1.0,0.0,0.927,0.853,1.0,CP-SAT (OPTIMAL),CP-SAT OPTIMAL and VALID,VALID,986,0.55,986,986,0.0,benchmarks/flexible-jobshop/instances/fjsp/HurinkJurischThole1994/vdata/la37.txt
2026-10-01 14:15:26,la38_vdata,15,15,225,15.0,0.438,0.055,0.999,1.0,0.0,0.918,0.836,1.0,CP-SAT (OPTIMAL),CP-SAT OPTIMAL and VALID,VALID,943,0.32,943,943,0.0,benchmarks/flexible-jobshop/instances/fjsp/HurinkJurischThole1994/vdata/la38.txt
2026-10-01 14:15:27,la39_vdata,15,15,225,15.0,0.436,0.061,0.999,1.0,0.0,0.913,0.827,1.0,CP-SAT (OPTIMAL),CP-SAT OPTIMAL and VALID,VALID,922,0.42,922,922,0.0,benchmarks/flexible-jobshop/instances/fjsp/HurinkJurischThole1994/vdata/la39.txt
2026-10-01 14:15:27,la40_vdata,15,15,225,15.0,0.432,0.06,0.999,1.0,0.0,0.918,0.836,1.0,CP-SAT (OPTIMAL),CP-SAT OPTIMAL and VALID,VALID,955,0.51,955,955,0.0,benchmarks/flexible-jobshop/instances/fjsp/HurinkJurischThole1994/vdata/la40.txt
2026-10-01 14:15:28,orb1_vdata,10,10,100,10.0,0.446,0.148,0.997,1.0,0.0,0.855,0.71,1.0,CP-SAT (OPTIMAL),CP-SAT OPTIMAL and VALID,VALID,695,0.29,695,695,0.0,benchmarks/flexible-jobshop/instances/fjsp/HurinkJurischThole1994/vdata/orb1.txt
2026-10-01 14:15:28,orb10_vdata,10,10,100,10.0,0.451,0.142,0.997,1.0,0.0,0.895,0.79,1.0,CP-SAT (OPTIMAL),CP-SAT OPTIMAL and VALID,VALID,681,0.12,681,681,0.0,benchmarks/flexible-jobshop/instances/fjsp/HurinkJurischThole1994/vdata/orb10.txt
2026-10-01 14:15:28,orb2_vdata,10,10,100,10.0,0.44,0.127,0.997,1.0,0.0,0.86,0.72,1.0,CP-SAT (OPTIMAL),CP-SAT OPTIMAL and VALID,VALID,620,0.18,620,620,0.0,benchmarks/flexible-jobshop/instances/fjsp/HurinkJurischThole1994/vdata/orb2.txt
2026-10-01 14:15:28,orb3_vdata,10,10,100,10.0,0.467,0.128,0.998,1.0,0.0,0.845,0.69,1.0,CP-SAT (OPTIMAL),CP-SAT OPTIMAL and VALID,VALID,648,0.17,648,648,0.0,benchmarks/flexible-jobshop/instances/fjsp/HurinkJurischThole1994/vdata/orb3.txt
2026-10-01 14:15:28,orb4_vdata,10,10,100,10.0,0.471,0.127,0.998,1.0,0.0,0.85,0.7,1.0,CP-SAT (OPTIMAL),CP-SAT OPTIMAL and VALID,VALID,753,0.18,753,753,0.0,benchmarks/flexible-jobshop/instances/fjsp/HurinkJurischThole1994/vdata/orb4.txt
2026-10-01 14:15:28,orb5_vdata,10,10,100,10.0,0.477,0.145,0.997,1.0,0.0,0.865,0.73,1.0,CP-SAT (OPTIMAL),CP-SAT OPTIMAL and VALID,VALID,584,0.1,584,584,0.0,benchmarks/flexible-jobshop/instances/fjsp/HurinkJurischThole1994/vdata/orb5.txt
2026-10-01 14:15:28,orb6_vdata,10,10,100,10.0,0.478,0.132,0.998,1.0,0.0,0.85,0.7,1.0,CP-SAT (OPTIMAL),CP-SAT OPTIMAL and VALID,VALID,715,0.12,715,715,0.0,benchmarks/flexible-jobshop/instances/fjsp/HurinkJurischThole1994/vdata/orb6.txt
2026-10-01 14:15:34,orb7_vdata,10,10,100,10.0,0.456,0.086,0.998,1.0,0.0,0.855,0.71,1.0,Hybrid (best of 4 seeds),CP-SAT returned OPTIMAL or an invalid schedule; best hybrid seed 3,INVALID,370,6.0,275,275,34.55,benchmarks/flexible-jobshop/instances/fjsp/HurinkJurischThole1994/vdata/orb7.txt
2026-10-01 14:15:35,orb8_vdata,10,10,100,10.0,0.455,0.134,0.998,1.0,0.0,0.845,0.69,1.0,CP-SAT (OPTIMAL),CP-SAT OPTIMAL and VALID,VALID,573,0.19,573,573,0.0,benchmarks/flexible-jobshop/instances/fjsp/HurinkJurischThole1994/vdata/orb8.txt
2026-10-01 14:15:35,orb9_vdata,10,10,100,10.0,0.447,0.148,0.994,1.0,0.0,0.895,0.79,1.0,CP-SAT (OPTIMAL),CP-SAT OPTIMAL and VALID,VALID,659,0.12,659,659,0.0,benchmarks/flexible-jobshop/instances/fjsp/HurinkJurischThole1994/vdata/orb9.txt
2026-10-01 14:16:37,mt10c1,10,11,100,10.0,0.1,0.536,1.0,1.0,0.0,0.6,0.2,1.0,CP-SAT (OPTIMAL),CP-SAT OPTIMAL and VALID,VALID,927,1.14,927,927,0.0,benchmarks/flexible-jobshop/instances/fjsp/ChambersBarnes1996/mt10c1.txt
2026-10-01 14:16:38,mt10cc,10,12,100,10.0,0.1,0.492,1.0,1.0,0.0,0.6,0.2,1.0,CP-SAT (OPTIMAL),CP-SAT OPTIMAL and VALID,VALID,908,0.57,908,908,0.0,benchmarks/flexible-jobshop/instances/fjsp/ChambersBarnes1996/mt10cc.txt
2026-10-01 14:16:39,mt10x,10,11,100,10.0,0.1,0.536,1.0,1.0,0.0,0.1,0.2,0.0,CP-SAT (OPTIMAL),CP-SAT OPTIMAL and VALID,VALID,918,1.08,918,918,0.0,benchmarks/flexible-jobshop/instances/fjsp/ChambersBarnes1996/mt10x.txt
2026-10-01 14:16:40,mt10xx,10,12,100,10.0,0.1,0.492,1.0,1.0,0.0,0.1,0.2,0.0,CP-SAT (OPTIMAL),CP-SAT OPTIMAL and VALID,VALID,918,0.92,918,918,0.0,benchmarks/flexible-jobshop/instances/fjsp/ChambersBarnes1996/mt10xx.txt
2026-10-01 14:16:40,mt10xxx,10,13,100,10.0,0.1,0.454,1.0,1.0,0.0,0.15,0.3,0.0,CP-SAT (OPTIMAL),CP-SAT OPTIMAL and VALID,VALID,918,0.69,918,918,0.0,benchmarks/flexible-jobshop/instances/fjsp/ChambersBarnes1996/mt10xxx.txt
2026-10-01 14:16:41,mt10xy,10,12,100,10.0,0.1,0.492,1.0,1.0,0.0,0.1,0.2,0.0,CP-SAT (OPTIMAL),CP-SAT OPTIMAL and VALID,VALID,905,0.75,905,905,0.0,benchmarks/flexible-jobshop/instances/fjsp/ChambersBarnes1996/mt10xy.txt
2026-10-01 14:16:41,mt10xyz,10,13,100,10.0,0.1,0.454,1.0,1.0,0.0,0.65,0.3,1.0,CP-SAT (OPTIMAL),CP-SAT OPTIMAL and VALID,VALID,847,0.31,847,847,0.0,benchmarks/flexible-jobshop/instances/fjsp/ChambersBarnes1996/mt10xyz.txt
2026-10-01 14:16:42,setb4c9,15,11,150,10.0,0.1,0.467,1.0,1.0,0.0,0.1,0.2,0.0,CP-SAT (OPTIMAL),CP-SAT OPTIMAL and VALID,VALID,914,0.96,914,914,0.0,benchmarks/flexible-jobshop/instances/fjsp/ChambersBarnes1996/setb4c9.txt
2026-10-01 14:16:43,setb4cc,15,12,150,10.0,0.1,0.428,1.0,1.0,0.0,0.1,0.2,0.0,CP-SAT (OPTIMAL),CP-SAT OPTIMAL and VALID,VALID,907,0.54,907,907,0.0,benchmarks/flexible-jobshop/instances/fjsp/ChambersBarnes1996/setb4cc.txt
2026-10-01 14:16:46,setb4x,15,11,150,10.0,0.1,0.467,1.0,1.0,0.0,0.1,0.2,0.0,CP-SAT (OPTIMAL),CP-SAT OPTIMAL and VALID,VALID,925,2.88,925,925,0.0,benchmarks/flexible-jobshop/instances/fjsp/ChambersBarnes1996/setb4x.txt
2026-10-01 14:16:50,setb4xx,15,12,150,10.0,0.1,0.428,1.0,1.0,0.0,0.1,0.2,0.0,CP-SAT (OPTIMAL),CP-SAT OPTIMAL and VALID,VALID,925,4.25,925,925,0.0,benchmarks/flexible-jobshop/instances/fjsp/ChambersBarnes1996/setb4xx.txt
2026-10-01 14:16:54,setb4xxx,15,13,150,10.0,0.1,0.395,1.0,1.0,0.0,0.15,0.3,0.0,CP-SAT (OPTIMAL),CP-SAT OPTIMAL and VALID,VALID,925,3.92,925,925,0.0,benchmarks/flexible-jobshop/instances/fjsp/ChambersBarnes1996/setb4xxx.txt
2026-10-01 14:16:55,setb4xy,15,12,150,10.0,0.1,0.428,1.0,1.0,0.0,0.1,0.2,0.0,CP-SAT (OPTIMAL),CP-SAT OPTIMAL and VALID,VALID,910,1.24,910,910,0.0,benchmarks/flexible-jobshop/instances/fjsp/ChambersBarnes1996/setb4xy.txt
2026-10-01 14:16:56,setb4xyz,15,13,150,10.0,0.1,0.395,1.0,1.0,0.0,0.65,0.3,1.0,CP-SAT (OPTIMAL),CP-SAT OPTIMAL and VALID,VALID,902,0.78,902,902,0.0,benchmarks/flexible-jobshop/instances/fjsp/ChambersBarnes1996/setb4xyz.txt
2026-10-01 14:17:03,seti5c12,15,16,225,15.0,0.067,0.362,1.0,1.0,0.0,0.1,0.2,0.0,CP-SAT (OPTIMAL),CP-SAT OPTIMAL and VALID,VALID,1169,6.67,1169,1169,0.0,benchmarks/flexible-jobshop/instances/fjsp/ChambersBarnes1996/seti5c12.txt
2026-10-01 14:17:26,seti5cc,15,17,225,15.0,0.067,0.341,1.0,1.0,0.0,0.1,0.2,0.0,CP-SAT (FEASIBLE),CP-SAT FEASIBLE no worse than best hybrid seed 0,VALID,1135,23.22,1135,1135,0.0,benchmarks/flexible-jobshop/instances/fjsp/ChambersBarnes1996/seti5cc.txt
2026-10-01 14:17:29,seti5x,15,16,225,15.0,0.067,0.362,1.0,1.0,0.0,0.1,0.2,0.0,CP-SAT (OPTIMAL),CP-SAT OPTIMAL and VALID,VALID,1198,3.13,1198,1198,0.0,benchmarks/flexible-jobshop/instances/fjsp/ChambersBarnes1996/seti5x.txt
2026-10-01 14:17:32,seti5xx,15,17,225,15.0,0.067,0.341,1.0,1.0,0.0,0.1,0.2,0.0,CP-SAT (OPTIMAL),CP-SAT OPTIMAL and VALID,VALID,1194,2.68,1194,1194,0.0,benchmarks/flexible-jobshop/instances/fjsp/ChambersBarnes1996/seti5xx.txt
2026-10-01 14:17:34,seti5xxx,15,18,225,15.0,0.067,0.322,1.0,1.0,0.0,0.133,0.267,0.0,CP-SAT (OPTIMAL),CP-SAT OPTIMAL and VALID,VALID,1194,2.26,1194,1194,0.0,benchmarks/flexible-jobshop/instances/fjsp/ChambersBarnes1996/seti5xxx.txt
2026-10-01 14:17:57,seti5xy,15,17,225,15.0,0.067,0.341,1.0,1.0,0.0,0.1,0.2,0.0,CP-SAT (FEASIBLE),CP-SAT FEASIBLE no worse than best hybrid seed 0,VALID,1135,23.03,1135,1135,0.0,benchmarks/flexible-jobshop/instances/fjsp/ChambersBarnes1996/seti5xy.txt
2026-10-01 14:18:20,seti5xyz,15,18,225,15.0,0.067,0.322,1.0,1.0,0.0,0.633,0.267,1.0,CP-SAT (FEASIBLE),CP-SAT FEASIBLE no worse than best hybrid seed 0,VALID,1127,23.34,1125,1125,0.18,benchmarks/flexible-jobshop/instances/fjsp/ChambersBarnes1996/seti5xyz.txt
